ean,title,brand,category,price,promo_price,available,seller_type
8700216610834,Brosse à Dents Electrique iO2 Noir ORAL-B,ORAL-B,Beauté et Santé,74.9,44.94,True,carrefour
8700216612210,Brosse à Dents Electrique iO2 Rose ORAL-B,ORAL-B,Beauté et Santé,74.9,44.94,True,carrefour
3030050197372,Boucleur automatique Style Secret Air - C6688E BABYLISS,BABYLISS,Beauté et Santé,119.99,,True,carrefour
0622356324922,Masque LED Cryoglow FW312PLEU SHARK,SHARK,Beauté et Santé,349.99,,True,carrefour
0622356352840,Multistyler Flexstyle 6-en-1 - HD476WHEU - Bleu,,Beauté et Santé,329.99,,True,carrefour
0622356396233,Appareil de massage Par Thermothérapie - DEPUFFI - FH220EUBK SHARK,SHARK,Beauté et Santé,199.99,,True,carrefour
3770039334113,Rasoir tête sans fil 5 en 1 - NG-7983 WMARK,WMARK,Beauté et Santé,49.99,,True,carrefour
4897122207297,Masseur oculaire Eyeris 3 Noir RENPHO,RENPHO,Beauté et Santé,89.99,,True,carrefour
4897122209352,Masseur Oculaire Eyeris 3 Rose Gold RENPHO,RENPHO,Beauté et Santé,89.99,,True,carrefour
3614613101633,Tondeuse bikini - NRBK10-17 NALK AND REY,NALK AND REY,Beauté et Santé,15.99,12.79,True,carrefour
3615004371901,Tondeuse barbe NRBT900-18 NALK AND REY,NALK AND REY,Beauté et Santé,29.99,23.99,True,carrefour
3616474008243,Impédancemètre  connecté NRBFC-21 NALK AND REY,NALK AND REY,Beauté et Santé,19.99,15.99,True,carrefour
8006540730935,Brosse à dents électrique iO3 Bleu glacial ORAL-B,ORAL-B,Beauté et Santé,89.99,49.49,True,carrefour
3030050197310,Lisseur Stardust Shimmer ST914PE BABYLISS,BABYLISS,Beauté et Santé,99.99,49.99,True,carrefour
3094570156226,Pèse Personne Electronique - 15622 TERRAILLON,TERRAILLON,Beauté et Santé,29.99,14.99,True,carrefour
3094570156233,Pèse Personne Electronique - 15623 TERRAILLON,TERRAILLON,Beauté et Santé,29.99,14.99,True,carrefour
3094570156240,Pèse Personne Electronique - 15624 TERRAILLON,TERRAILLON,Beauté et Santé,29.99,14.99,True,carrefour
3614613101664,Coffret manucure-pédicure NALK & REY,NALK & REY,Beauté et Santé,17.99,14.39,True,carrefour
3615004369298,Tondeuse cheveux NRHC980-18 NALK AND REY,NALK AND REY,Beauté et Santé,9.99,7.99,True,carrefour
3615004373561,Tondeuse cheveux prostyle30-nrhc30-18 NALK AND REY,NALK AND REY,Beauté et Santé,29.99,23.99,True,carrefour
3616181130800,Rasoir électrique homme NRDFS10-20 NALK AND REY,NALK AND REY,Beauté et Santé,19.99,15.99,True,carrefour
3616953354175,Pèse-personne Mécanique NRBS240-23 NALK AND REY,NALK AND REY,Beauté et Santé,8.99,7.19,True,carrefour
3616953408335,Brosse chauffante Keraliss 3D NALK AND REY,NALK AND REY,Beauté et Santé,14.99,11.99,True,carrefour
3616958232331,Tondeuse barbe Deluxe Travel Kit WAHL,WAHL,Beauté et Santé,12.99,10.39,True,carrefour
3616958506623,Tondeuse nez/oreilles NALK AND REY,NALK AND REY,Beauté et Santé,4.99,3.99,True,carrefour
3616958506630,Rasoir à têtes rotatives rechargeable NALK AND REY,NALK AND REY,Beauté et Santé,14.99,11.99,True,carrefour
3616958506647,Tondeuse multifonctions NRMG25-24 NALK AND REY,NALK AND REY,Beauté et Santé,14.99,11.99,True,carrefour
3616958792910,Tondeuse cheveux NRHC15-25 NALK AND REY,NALK AND REY,Beauté et Santé,19.99,15.99,True,carrefour
3616959414088,Brosse soufflante A air chaud - NRHMS99-25 NALK AND REY,NALK AND REY,Beauté et Santé,14.99,11.99,True,carrefour
3617702035970,Sèche cheveux NRBLHD1600-25 NALK AND REY,NALK AND REY,Beauté et Santé,49.99,39.99,True,carrefour
3617702036335,Brosse soufflante NRHAS1200-25 NALK AND REY,NALK AND REY,Beauté et Santé,24.99,19.99,True,carrefour
3617702094564,Sèche cheveux Voyage NRHDT1600-25 NALK AND REY,NALK AND REY,Beauté et Santé,9.99,7.99,True,carrefour
3617702094571,Sèche cheveux NRHD2000-25 NALK AND REY,NALK AND REY,Beauté et Santé,12.99,10.39,True,carrefour
3617702094588,Lisseur NRHS715-25 NALK AND REY,NALK AND REY,Beauté et Santé,9.99,7.99,True,carrefour
3617702094595,Lisseur NRHS51-25 NALK AND REY,NALK AND REY,Beauté et Santé,19.99,15.99,True,carrefour
3617702094618,Boucleur NRCI19-25 NALK AND REY,NALK AND REY,Beauté et Santé,9.99,7.99,True,carrefour
3617702094762,Sèche cheveux NRHD20AC-25 NALK AND REY,NALK AND REY,Beauté et Santé,19.99,15.99,True,carrefour
3617702094779,Sèche cheveux NRHD2400-25 NALK AND REY,NALK AND REY,Beauté et Santé,16.99,13.59,True,carrefour
3617702351872,Lisseur soufflant NRBLHS500-26 NALK AND REY,NALK AND REY,Beauté et Santé,49.99,39.99,True,carrefour
5407005980446,Brosse à dents Sonique 3 en 1 HAEPI,HAEPI,Beauté et Santé,69.99,59.99,True,carrefour
8006540771457,Brosse à dents électrique Pro Series 1 - Noire ORAL-B,ORAL-B,Beauté et Santé,49.99,29.99,True,carrefour
8720689030977,Epilateur BRE257/00 PHILIPS,PHILIPS,Beauté et Santé,59.99,47.99,True,carrefour
8720689032049,Rasoir sans fil serie 6000 BRL138/00 PHILIPS,PHILIPS,Beauté et Santé,49.99,39.99,True,carrefour
0761318222774,Brosse coiffante One-Step RVDR5222PE REVLON,REVLON,Beauté et Santé,39.99,,True,carrefour
3030050153378,Sèche-cheveux turbo shine - D570DE - Noir BABYLISS,BABYLISS,Beauté et Santé,37.99,,True,carrefour
3030050153798,Brosse soufflante Big Hair Dual AS950E BABYLISS,BABYLISS,Beauté et Santé,69.99,,True,carrefour
3030050154825,Sèche-cheveux power pro 6704E BABYLISS,BABYLISS,Beauté et Santé,39.99,,True,carrefour
3030050182644,Fer à boucler Wave Secret Air - C1900E BABYLISS,BABYLISS,Beauté et Santé,124.99,,True,carrefour
3030050185850,Sèche-cheveux Turbo Pro 2100 - 6710DE BABYLISS,BABYLISS,Beauté et Santé,49.99,,True,carrefour
3030050187953,Lisseur vapeur ST494SE BABYLISS,BABYLISS,Beauté et Santé,89.99,,True,carrefour
3030050190731,Brosse soufflante Air Wand - AS6550E BABYLISS,BABYLISS,Beauté et Santé,129.99,,True,carrefour
3094570133449,Pèse-personne électronique Color coach quattro TERRAILLON,TERRAILLON,Beauté et Santé,25.99,,True,carrefour
3121040089262,Lisseur Optiliss SF3216F0 ROWENTA,ROWENTA,Beauté et Santé,29.99,,True,carrefour
4210201414964,Brosse à dents électrique iO5S Noir ORAL B,ORAL B,Beauté et Santé,149.99,,True,carrefour
4210201432326,Brosse à dents électrique - VITALITY PRO - Noir ORAL B,ORAL B,Beauté et Santé,29.99,,True,carrefour
4211125638504,Bain bouillonnant pieds FB 30 BEURER,BEURER,Beauté et Santé,59.99,,True,carrefour
4211125645502,Rouleau de massage à vibrations - MG35  BEURER,BEURER,Beauté et Santé,42.99,,True,carrefour
5038061107500,Lisseur Aqualisse Extrême - S7307 REMINGTON,REMINGTON,Beauté et Santé,29.99,,True,carrefour
5038061138542,Tondeuse HC500 - Blanc/Noir/Rouge REMINGTON,REMINGTON,Beauté et Santé,39.99,,True,carrefour
7500435225229,Epilateur rechargeable Silk epil SE 9-030 BRAUN,BRAUN,Beauté et Santé,159.99,,True,carrefour
7500435245180,Tondeuse multifonctions MGK3540 BRAUN,BRAUN,Beauté et Santé,39.99,,True,carrefour
8700216646130,Rasoir électrique Series 5 - 2 modes de rasage BRAUN,BRAUN,Beauté et Santé,124.99,,True,carrefour
8710103935544,Epilateur BRE740/10 PHILIPS,PHILIPS,Beauté et Santé,139.99,,True,carrefour
8720689007788,Rasoir électrique homme S5880/50 PHILIPS,PHILIPS,Beauté et Santé,119.99,,True,carrefour
8720689018821,Rasoir électrique homme barbe S1142/00 PHILIPS,PHILIPS,Beauté et Santé,35.99,,True,carrefour
8720689019019,Rasoir électrique homme X3051/00 PHILIPS,PHILIPS,Beauté et Santé,59.99,,True,carrefour
8720689020473,Tondeuse multifonctions Oneblade MG7940/75 PHILIPS,PHILIPS,Beauté et Santé,69.99,,True,carrefour
8720689025416,BROSSE A DENTS SONICARE HX7103/01 Brosse à Dents PHILIPS,PHILIPS,Beauté et Santé,69.99,,True,carrefour
0761318352228,Brosse chauffante RVDR5222E REVLON,REVLON,Beauté et Santé,39.99,,True,carrefour
3030050154856,Sèche-cheveux super pro - 6714E BABYLISS,BABYLISS,Beauté et Santé,49.99,,True,carrefour
3030050192995,Lisseur Pro Onyx-ST484E BABYLISS,BABYLISS,Beauté et Santé,119.99,,True,carrefour
3474636819713,Lisseur Steampod 3.0 L'OREAL,L'OREAL,Beauté et Santé,249.99,,True,carrefour
8007403117283,Sèche-cheveux P3 3400 BELLISSIMA,BELLISSIMA,Beauté et Santé,34.99,,True,carrefour
8710103701583,Tondeuse multifonctions MG1100/16 PHILIPS,PHILIPS,Beauté et Santé,19.99,,True,carrefour
8710103786313,Tondeuse multifonctions MG3740/15 PHILIPS,PHILIPS,Beauté et Santé,49.99,,True,carrefour
8720689007863,Rasoir électrique homme S5887/10 PHILIPS,PHILIPS,Beauté et Santé,99.99,,True,carrefour
3030050153231,Tondeuse cheveux E976E BABYLISS,BABYLISS,Beauté et Santé,39.99,,True,carrefour
4895271300227,Masque LED Artemis Blush E100B-1 RENPHO,RENPHO,Beauté et Santé,159.99,,True,carrefour
8710103897842,Tondeuse cheveux HC5630/15 PHILIPS,PHILIPS,Beauté et Santé,44.99,,True,carrefour
8710103904014,Lisseur HP8321/40 PHILIPS,PHILIPS,Beauté et Santé,29.99,,True,carrefour
0043917000336,Tondeuse cheveux Home Pro 9243-2616 WAHL,WAHL,Beauté et Santé,24.99,,True,carrefour
0043917006109,Tondeuse barbe Deluxe Travel Kit WAHL,WAHL,Beauté et Santé,24.99,,True,carrefour
0043917039305,Tondeuse Self clip 360 WAHL,WAHL,Beauté et Santé,59.99,,True,carrefour
0043917039312,Tondeuse Elite Groom WAHL,WAHL,Beauté et Santé,74.99,,True,carrefour
0043917047997,Tondeuse Multifonction All-In-One 0096-5015 WAHL,WAHL,Beauté et Santé,29.99,,True,carrefour
0043917997056,Tondeuse cheveux Color Pro Cordless 9649-016 WAHL,WAHL,Beauté et Santé,22.99,,True,carrefour
0622356271622,Sèche-cheveux HD33EU - 3 accessoires - blanc soie - 1700W SHARK,SHARK,Beauté et Santé,139.99,,True,carrefour
3030050069402,Boucleur 19 mm Curling Tong - C319E BABYLISS,BABYLISS,Beauté et Santé,18.99,,True,carrefour
3030050145878,Tondeuse barbe Triple S BABYLISS,BABYLISS,Beauté et Santé,59.99,,True,carrefour
3030050153118,Tondeuse multifonctions MT725E BABYLISS,BABYLISS,Beauté et Santé,26.99,,True,carrefour
3030050153125,Tondeuse multifonctions MT726E BABYLISS,BABYLISS,Beauté et Santé,23.99,,True,carrefour
3030050153200,Tondeuse cheveux E756E BABYLISS,BABYLISS,Beauté et Santé,19.99,,True,carrefour
3030050153569,Tondeuse cheveux E786E BABYLISS,BABYLISS,Beauté et Santé,39.99,,True,carrefour
3030050153644,Boucleur 25 mm Curling Tong - C451E BABYLISS,BABYLISS,Beauté et Santé,39.99,,True,carrefour
3030050154290,Lisseur super smooth ST391E BABYLISS,BABYLISS,Beauté et Santé,46.99,,True,carrefour
3030050158069,Tondeuse multifonctions MT861E BABYLISS,BABYLISS,Beauté et Santé,34.99,,True,carrefour
3030050162295,Tondeuse cheveux 7756PE BABYLISS,BABYLISS,Beauté et Santé,29.99,,True,carrefour
3030050165388,Tondeuse multifonctions MT996E BABYLISS,BABYLISS,Beauté et Santé,94.99,,True,carrefour
3030050165395,Lisseur Platinium Diamonde 235 ST259E BABYLISS,BABYLISS,Beauté et Santé,99.99,,True,carrefour
3030050177114,Lisseur Hydro-Fusion ST573E BABYLISS,BABYLISS,Beauté et Santé,61.99,,True,carrefour
3030050179361,Mutistyler Curl and Wave Trio - MS750E BABYLISS,BABYLISS,Beauté et Santé,54.99,,True,carrefour
3030050179880,Brosse soufflante AS774E BABYLISS,BABYLISS,Beauté et Santé,55.99,,True,carrefour
3030050185782,Lisseur Smooth Pro 235 - ST394E BABYLISS,BABYLISS,Beauté et Santé,69.99,,True,carrefour
3030050185836,Brosse soufflante AS86E BABYLISS,BABYLISS,Beauté et Santé,29.99,,True,carrefour
3030050185867,Sèche-cheveux Power Smooth 2200 - D215DE BABYLISS,BABYLISS,Beauté et Santé,32.99,,True,carrefour
3030050185874,Lisseur ST241E Smooth Ceramic 230 BABYLISS,BABYLISS,Beauté et Santé,34.99,,True,carrefour
3030050187960,Lisseur Straight ST256SE BABYLISS,BABYLISS,Beauté et Santé,49.99,,True,carrefour
3030050188028,Tondeuse barbe T996E BABYLISS,BABYLISS,Beauté et Santé,99.99,,True,carrefour
3030050188059,"Tondeuse nez, oreilles et sourcils Super-X Metal - E116E BABYLISS",BABYLISS,Beauté et Santé,36.99,,True,carrefour
3030050188400,Boucleur automatique Curl Secret Hydro-Fusion - C1700E BABYLISS,BABYLISS,Beauté et Santé,99.99,,True,carrefour
3030050190915,Brosse soufflante AS95E BABYLISS,BABYLISS,Beauté et Santé,89.99,,True,carrefour
3030050191912,Sèche-cheveux Air Power Pro BABYLISS,BABYLISS,Beauté et Santé,149.99,,True,carrefour
3030050192940,Sèche-cheveux BCK ONYX-5911E BABYLISS,BABYLISS,Beauté et Santé,69.99,,True,carrefour
3030050193046,Tondeuse barbe T812E BABYLISS,BABYLISS,Beauté et Santé,49.99,,True,carrefour
3030050193053,Tondeuse multifonctions MT812E BABYLISS,BABYLISS,Beauté et Santé,69.99,,True,carrefour
3030050194142,Tondeuse cheveux E812E BABYLISS,BABYLISS,Beauté et Santé,69.99,,True,carrefour
3030050195521,Tondeuse barbe X-Blade OT996E BABYLISS,BABYLISS,Beauté et Santé,79.99,,True,carrefour
3030050196313,Lisseur ST913PE Rose Petal Blush BABYLISS,BABYLISS,Beauté et Santé,79.99,,True,carrefour
3030050197235,Sèche cheveux Titanium Shine D6200DE BABYLISS,BABYLISS,Beauté et Santé,99.99,,True,carrefour
3030050197259,Sèche-cheveux BAB-D581E BABYLISS,BABYLISS,Beauté et Santé,44.99,,True,carrefour
3030050197266,Sèche-cheveux Stardust Shimmer 5914PE BABYLISS,BABYLISS,Beauté et Santé,69.99,,True,carrefour
3030050197280,Lisseur Titanium Shine ST620E BABYLISS,BABYLISS,Beauté et Santé,99.99,,True,carrefour
3030050197297,Lisseur BAB-ST261E BABYLISS,BABYLISS,Beauté et Santé,49.99,,True,carrefour
3030050197341,Brosse soufflante Stardust Shimmer AS914E BABYLISS,BABYLISS,Beauté et Santé,79.99,,True,carrefour
3030050197358,Brosse Lissante Air Power Smooth 900W AS6400E - Violet BABYLISS,BABYLISS,Beauté et Santé,119.99,,True,carrefour
3030050197365,Brosse soufflante HSB200E BABYLISS,BABYLISS,Beauté et Santé,59.99,,True,carrefour
3030050198065,Brosse soufflante Multi-Styles AS261E BABYLISS,BABYLISS,Beauté et Santé,59.99,,True,carrefour
3030050198072,Boucleur à pince C261E BABYLISS,BABYLISS,Beauté et Santé,44.99,,True,carrefour
3030050199604,Multistyler Air Wand 4 en 1 AS6554E BABYLISS,BABYLISS,Beauté et Santé,169.99,,True,carrefour
3030050199659,Brosse soufflante rotatitve Big Hair Duo - AS953SE BABYLISS,BABYLISS,Beauté et Santé,69.99,,True,carrefour
3030050199949,Lisseur Smooth Glide - ST442E BABYLISS,BABYLISS,Beauté et Santé,39.99,,True,carrefour
3030050202823,Sèche Cheveux Serenity - 5917PE BABYLISS,BABYLISS,Beauté et Santé,79.99,,True,carrefour
3030050202939,Lisseur Serenity Wigig - ST917PE BABYLISS,BABYLISS,Beauté et Santé,69.99,,True,carrefour
3031449622000,Lisseur Ultime Pro Control DESSANGE,DESSANGE,Beauté et Santé,44.99,,True,carrefour
3031449622208,Lisseur Ultime Care Pro Steam DESSANGE,DESSANGE,Beauté et Santé,49.99,,True,carrefour
3031449623007,Brosse soufflante multi-styler DESSANGE,DESSANGE,Beauté et Santé,99.99,,True,carrefour
3094570139076,Pèse-personne mécanique Terraillon Nautic - BMA73000WH - blanc TERRAILLON,TERRAILLON,Beauté et Santé,19.99,,True,carrefour
3094570140799,Pèse-personne électronique TERRAILLON,TERRAILLON,Beauté et Santé,14.99,,True,carrefour
3094570148245,Pèse-personne électronique - 14824 - Bamboo TERRAILLON,TERRAILLON,Beauté et Santé,26.99,,True,carrefour
3094570152426,Impédancemètre Control fit  TERRAILLON,TERRAILLON,Beauté et Santé,19.99,,True,carrefour
3094570152877,Impédancemètre BODY CONNECT  TERRAILLON,TERRAILLON,Beauté et Santé,39.99,,True,carrefour
3094570153232,Aide au sommeil ZEN BOX - Gris TERRAILLON,TERRAILLON,Beauté et Santé,49.99,,True,carrefour
3094570153669,Pistolet  Masseur 15366 Noir TERRAILLON,TERRAILLON,Beauté et Santé,24.99,,True,carrefour
3094570153898,Pèse-personne électronique TERRAILLON,TERRAILLON,Beauté et Santé,34.99,,True,carrefour
3094570154024,Pèse-personne Impédancemètre X-Line Fit  TERRAILLON,TERRAILLON,Beauté et Santé,49.99,,True,carrefour
3094570154055,Ceinture de massage chauffante pour le bas du dos et ventre  TERRAILLON,TERRAILLON,Beauté et Santé,79.99,,True,carrefour
3094570154284,Pèse-personne électronique TERRAILLON,TERRAILLON,Beauté et Santé,19.99,,True,carrefour
3094570155212,Pèse personne connecté - body color connect,,Beauté et Santé,59.99,,True,carrefour
3094570155298,Pistolet de massage multizones - 4 embouts TERRAILLON,TERRAILLON,Beauté et Santé,79.99,,True,carrefour
3094570155496,Plaid chauffant Caramel TERRAILLON,TERRAILLON,Beauté et Santé,89.99,,True,carrefour
3094570155991,Impédancemètre connecté - EVO FIT TERRAILLON,TERRAILLON,Beauté et Santé,29.99,,True,carrefour
3094570156141,Pèse-personne Power Free Natura Walnut TERRAILLON,TERRAILLON,Beauté et Santé,29.99,,True,carrefour
3121040059449,Kit d'épilation électrique Flower Love EP2851F1 ROWENTA,ROWENTA,Beauté et Santé,69.99,,True,carrefour
3121040082461,none Infinite Looks Multistyler CF4230C0 CALOR,CALOR,Beauté et Santé,54.99,,True,carrefour
3121040083581,Tondeuse multifonctions TN9118F0 ROWENTA,ROWENTA,Beauté et Santé,54.99,,True,carrefour
3121040083598,Lisseur Liss & Curl Collection Magic Nature SF4216F0 ROWENTA,ROWENTA,Beauté et Santé,54.99,,True,carrefour
3121040083604,Brosse soufflante CF7826F0 ROWENTA,ROWENTA,Beauté et Santé,41.99,,True,carrefour
3121040083611,Epilateur électrique Silence Soft Collection Magic Nature + 4 Accessoires EP5628F0 ROWENTA,ROWENTA,Beauté et Santé,54.99,,True,carrefour
3121040085448,Lisseur SF321LC0 CALOR,CALOR,Beauté et Santé,24.99,,True,carrefour
3121040085745,Sèche-cheveux Studio Dry Licence Karl Lagerfeld CV581LC0 CALOR,CALOR,Beauté et Santé,24.99,,True,carrefour
3121040087626,Sèche-cheveux 1600 W - CV1810C0 CALOR,CALOR,Beauté et Santé,19.99,,True,carrefour
3121040088906,Tondeuse cheveux Minéral TN1407F0 ROWENTA,ROWENTA,Beauté et Santé,29.99,,True,carrefour
3121040091432,Epilateur électrique Skin Spirit EP2904C0 CALOR,CALOR,Beauté et Santé,29.99,,True,carrefour
3121040092521,Brosse soufflante UB9520C0 CALOR,CALOR,Beauté et Santé,59.99,,True,carrefour
3121040092743,Brosse souflante 2 en 1 Brosse soufflante - Reverso CF9840C0 CALOR,CALOR,Beauté et Santé,99.99,,True,carrefour
3121040092835,Tondeuse barbe TN2804E0 ROWENTA,ROWENTA,Beauté et Santé,29.99,,True,carrefour
3121040094471,Sèche-cheveux ionique TINY 1600w HY7120C0 CALOR,CALOR,Beauté et Santé,69.99,,True,carrefour
3121040094655,Brosse soufflante Air Shape UB9820C0 CALOR,CALOR,Beauté et Santé,99.99,,True,carrefour
3121040095485,Pèse-personne Electronique - BS1903V0 ROWENTA,ROWENTA,Beauté et Santé,19.99,,True,carrefour
3121040095836,Epilateur électrique EP5628C0 CALOR,CALOR,Beauté et Santé,44.99,,True,carrefour
3121040095959,Sèche-cheveux Curl Harmony CV7D30C0 CALOR,CALOR,Beauté et Santé,69.99,,True,carrefour
3121040096147,Sèche-cheveux CV5E30C0 CALOR,CALOR,Beauté et Santé,49.99,,True,carrefour
3121040096154,Sèche-cheveux Studio Dry Magic Nature CV5836C0 CALOR,CALOR,Beauté et Santé,29.99,,True,carrefour
3121040096161,Lisseur boucleur SF416C0 CALOR,CALOR,Beauté et Santé,54.99,,True,carrefour
3121040096222,Sèche cheveux Signature Pro AC Magic Nature CALOR,CALOR,Beauté et Santé,44.99,,True,carrefour
3121040096239,Brosse soufflante Magic Nature CF7826C0 CALOR,CALOR,Beauté et Santé,39.99,,True,carrefour
3121040097120,Sèche cheveux Nano Trésor - HY8151C0 CALOR,CALOR,Beauté et Santé,119.99,,True,carrefour
3121040097175,Pèse personne BR2600V0 ROWENTA,ROWENTA,Beauté et Santé,24.99,,True,carrefour
3331300051032,Epilateur sourcils EPIL30NG - Or rose BEST OF TV,BEST OF TV,Beauté et Santé,29.99,,True,carrefour
3474637247478,Lisseur-boucleur Steampod 4 Edition limitée Utopia L'OREAL,L'OREAL,Beauté et Santé,349.99,,True,carrefour
3616479616238,Pèse personne NRBS280C-23 NALK AND REY,NALK AND REY,Beauté et Santé,10.99,,True,carrefour
3616958784922,Tondeuse cheveux et barbe NRMHC37-25 NALK AND REY,NALK AND REY,Beauté et Santé,14.99,,True,carrefour
3617702351773,Sèche cheveux NRHDS1500-26 NALK AND REY,NALK AND REY,Beauté et Santé,29.99,,True,carrefour
3617703017425,Brosse soufflante Multistyler  - NRBLHAS1200-26 NALK AND REY,NALK AND REY,Beauté et Santé,69.99,,True,carrefour
3666085200154,Lisseur Vapeur Demeliss Titanium 2.0 Doré SAINT ALGUE,SAINT ALGUE,Beauté et Santé,69.99,,True,carrefour
3666085200345,Sèche-cheveux Pro Demeliss Pro Series SAI-20034 SAINT ALGUE,SAINT ALGUE,Beauté et Santé,119.99,,True,carrefour
3666085200352,Brosse soufflante Airflow Styler 20035 SAINT ALGUE,SAINT ALGUE,Beauté et Santé,89.99,,True,carrefour
3666085200567,Lisseur Demeliss Kera Gold XL Plaques Larges 45mm SAINT ALGUE,SAINT ALGUE,Beauté et Santé,25.99,,True,carrefour
3666085202059,Tondeuse nez/oreilles JEAN LOUIS DAVID,JEAN LOUIS DAVID,Beauté et Santé,19.99,,True,carrefour
3666085213277,Brosse chauffante Airflow Styler multifonction Collection Barbie DEMELISS,DEMELISS,Beauté et Santé,119.99,,True,carrefour
3666085213536,Brosse soufflante Aerotwist JEAN LOUIS DAVID,JEAN LOUIS DAVID,Beauté et Santé,99.99,,True,carrefour
3666085213727,Lisseur 2 en 1 : Lisse et boucle collection Barbie DEMELISS,DEMELISS,Beauté et Santé,34.99,,True,carrefour
3666085213734,Sèche cheveux Collection Barbie DEMELISS,DEMELISS,Beauté et Santé,29.99,,True,carrefour
3666085213758,Brosse soufflante 2 en 1 : Sèche et coiffe collection Barbie DEMELISS,DEMELISS,Beauté et Santé,59.99,,True,carrefour
3700206739786,Lisseur demeliss titanium bleu SAINT ALGUE,SAINT ALGUE,Beauté et Santé,69.99,,True,carrefour
3700206739922,Lisseur Demeliss Titanium SAINT ALGUE,SAINT ALGUE,Beauté et Santé,59.99,,True,carrefour
3700206739946,Fer à boucler Demeliss Waves SAINT ALGUE,SAINT ALGUE,Beauté et Santé,44.99,,True,carrefour
3700476033362,Coffret Massage 3 pièces ALOYA,ALOYA,Beauté et Santé,14.99,,True,carrefour
3700476034161,Massage Glace Visage,,Beauté et Santé,5.99,,True,carrefour
3700476034178,Kit Gua Sha et Rouleau Massage ALOYA,ALOYA,Beauté et Santé,9.99,,True,carrefour
3700476034192,Kit de Massage - Boule de massage et Masseur 4 points,,Beauté et Santé,12.99,,True,carrefour
3700476034208,Coussin Chauffant Noyau de Cerise - Taie Amovible,,Beauté et Santé,14.99,,True,carrefour
3700476034215,Main de Massage Vibrante,,Beauté et Santé,9.99,,True,carrefour
3700476035007,Coffret Massage 4 en 1 ALOYA,ALOYA,Beauté et Santé,12.99,,True,carrefour
3700476035014,Coffret Madothérapie Bois 4 en 1,,Beauté et Santé,29.99,,True,carrefour
3700476035069,Masque Anti Migraine ALOYA,ALOYA,Beauté et Santé,12.99,,True,carrefour
3700902209828,Sèche cheveux MDHAIRF1BLC MEDEK,MEDEK,Beauté et Santé,49.99,,True,carrefour
3700902209835,Brosse soufflante MDZY9 MEDEK,MEDEK,Beauté et Santé,79.99,,True,carrefour
3700902209842,Sèche cheveux MDHAIRF1NR MEDEK,MEDEK,Beauté et Santé,49.99,,True,carrefour
3700902210046,Brosse soufflante MDZ910 MEDEK,MEDEK,Beauté et Santé,69.99,,True,carrefour
3701056399595,Tondeuse multifonctions Infinite Styler 39959 JEAN LOUIS DAVID,JEAN LOUIS DAVID,Beauté et Santé,27.99,,True,carrefour
3701056399618,Tondeuse barbe et cheveux JLD-39961 JEAN LOUIS DAVID,JEAN LOUIS DAVID,Beauté et Santé,59.99,,True,carrefour
3701056399694,Lisseur vapeur Vapor Styler JEAN LOUIS DAVID,JEAN LOUIS DAVID,Beauté et Santé,34.99,,True,carrefour
4008496651351,Tondeuse nez/oreilles REMINGTON,REMINGTON,Beauté et Santé,14.99,,True,carrefour
4015110007517,Tondeuse multifonctions 9855-1216 WAHL,WAHL,Beauté et Santé,19.99,,True,carrefour
4210201436409,Hydropulseur rechargeable Aqua Care 4 ORAL B,ORAL B,Beauté et Santé,99.99,,True,carrefour
4211125103767,Set Manucure et Pedicure MP 1R BEURER,BEURER,Beauté et Santé,44.99,,True,carrefour
4211125104870,Brosse à dent Electrique SC 30 BEURER,BEURER,Beauté et Santé,29.99,,True,carrefour
4211125104924,Brosse à dents Electrique TB 15 BEURER,BEURER,Beauté et Santé,19.99,,True,carrefour
4211125575007,IPL 5800 Pure Kin Pro BEURER,BEURER,Beauté et Santé,119.99,,True,carrefour
4211125584177,Nettoyeur de pores  FC 41 - 58417 - Blanc/Violet BEURER,BEURER,Beauté et Santé,24.99,,True,carrefour
4211125605032,Sauna facial FS 60  BEURER,BEURER,Beauté et Santé,59.99,,True,carrefour
4211125605506,Brosse visage rotative BEURER,BEURER,Beauté et Santé,24.99,,True,carrefour
4211125616120,Lampe à infra-rouge - IL35  BEURER,BEURER,Beauté et Santé,63.99,,True,carrefour
4211125644130,Coussin de massage Shiatsu - MG135 - Gris BEURER,BEURER,Beauté et Santé,54.99,,True,carrefour
4211125645021,Appareil de massage des pieds - FM39 BEURER,BEURER,Beauté et Santé,79.99,,True,carrefour
4895271300616,Brosse de massage cuir chevelu WMC01 RENPHO,RENPHO,Beauté et Santé,69.99,,True,carrefour
4897122205354,Masque oculaire Eyespa Pods G009 Blanc RENPHO,RENPHO,Beauté et Santé,89.99,,True,carrefour
4897122208386,Pèse personne Connecté Blanc - PEU-R-A031-BK RENPHO,RENPHO,Beauté et Santé,29.99,,True,carrefour
4987176183385,Rasoir électrique Series 5 + SmartCare Center BRAUN,BRAUN,Beauté et Santé,174.99,,True,carrefour
4987176251046,Tondeuse cheveux & barbe HC5530 BRAUN,BRAUN,Beauté et Santé,41.99,,True,carrefour
5038061100877,Tondeuse multifonctions PG4000 REMINGTON,REMINGTON,Beauté et Santé,49.99,,True,carrefour
5038061110401,Brosse soufflante AS8901 HYDRAluxe REMINGTON,REMINGTON,Beauté et Santé,69.99,,True,carrefour
5038061110456,Lisseur Hydraluxepro - S9001 - Blanc REMINGTON,REMINGTON,Beauté et Santé,79.99,,True,carrefour
5038061112795,Sèche-cheveux Coconut Smooth - D5901 - Rose REMINGTON,REMINGTON,Beauté et Santé,49.99,,True,carrefour
5038061112917,Lisseur Coconut Smooth S5901 REMINGTON,REMINGTON,Beauté et Santé,49.99,,True,carrefour
5038061138290,Brosse soufflante AS5901 REMINGTON,REMINGTON,Beauté et Santé,39.99,,True,carrefour
5038061140392,Lisseur Botanicals S5860 REMINGTON,REMINGTON,Beauté et Santé,59.99,,True,carrefour
5038061140446,Sèche-cheveux Botanicals AC5860 REMINGTON,REMINGTON,Beauté et Santé,49.99,,True,carrefour
5038061155587,Rasoir rechargeable R3002 Style Series Rotary Shaver R3 REMINGTON,REMINGTON,Beauté et Santé,49.99,,True,carrefour
5038061164688,Rasoir rechargeable XR1795 X9 Limitless X Rotary Shaver REMINGTON,REMINGTON,Beauté et Santé,139.99,,True,carrefour
5038061174670,Lisseur S8930 REMINGTON,REMINGTON,Beauté et Santé,99.99,,True,carrefour
5038061174700,Lisseur Air Styler 2 en 1 AIRvive AS8930 REMINGTON,REMINGTON,Beauté et Santé,129.99,,True,carrefour
5038061174731,Boucleur rotatif AIRvive CI8930 REMINGTON,REMINGTON,Beauté et Santé,99.99,,True,carrefour
5038061174762,Sèche-cheveux EC8930 REMINGTON,REMINGTON,Beauté et Santé,129.99,,True,carrefour
5060035707003,Ceinture de massage Zen Matterhom ZEN,ZEN,Beauté et Santé,99.99,,True,carrefour
5407005980101,Impédancemétre James WH HAEPI,HAEPI,Beauté et Santé,24.99,,True,carrefour
5407005980149,Pèse Personne Mécanique HAE-LEO HAEPI,HAEPI,Beauté et Santé,49.99,,True,carrefour
5407005980330,Manucure pédicure IRIS 3 en 1 HAEPI,HAEPI,Beauté et Santé,35.99,,True,carrefour
5407005980385,Miroir grossissant rechargeable BELLA HAEPI,HAEPI,Beauté et Santé,59.99,,True,carrefour
5410984083947,Appareil à manucure sèche ongle LAN-LA130513 LANAFORM,LANAFORM,Beauté et Santé,34.99,,True,carrefour
5996415036794,Tondeuse multifonctions WAHL,WAHL,Beauté et Santé,64.99,,True,carrefour
5996415036879,Tondeuse barbe Extreme Grip WAHL,WAHL,Beauté et Santé,34.99,,True,carrefour
5996415037272,Tondeuse cheveux Rapid Clip WAHL,WAHL,Beauté et Santé,44.99,,True,carrefour
6970229251702,Lampe de Luminothérapie TL30 BEURER,BEURER,Beauté et Santé,49.99,,True,carrefour
7500435206327,Tondeuse multifonctions BRAUN,BRAUN,Beauté et Santé,49.99,,True,carrefour
7500435206341,Tondeuse series x multifonctions - xt5100 BRAUN,BRAUN,Beauté et Santé,64.99,,True,carrefour
7500435225007,Epilateur électrique  Silk-épil 5 - SE 5-230  BRAUN,BRAUN,Beauté et Santé,109.99,,True,carrefour
7500435225090,Epilateur électrique  Silk-épil 7 - SE 7-081 -  BRAUN,BRAUN,Beauté et Santé,149.99,,True,carrefour
7500435225212,Epilateur électrique  Silk-épil 9 - SES 9-041 -  BRAUN,BRAUN,Beauté et Santé,164.99,,True,carrefour
7500435238410,Epilateur électrique  Silk-expert Pro 3 - PL3122 BRAUN,BRAUN,Beauté et Santé,389.99,,True,carrefour
7500435244978,Tondeuse barbe séries 3 beard trimmer bt3520 noir BRAUN,BRAUN,Beauté et Santé,44.99,,True,carrefour
7500435244992,Tondeuse barbe BT5520 BRAUN,BRAUN,Beauté et Santé,64.99,,True,carrefour
7500435245029,Tondeuse multifonctions MGK5540 BRAUN,BRAUN,Beauté et Santé,64.99,,True,carrefour
7640426990788,Sèche-cheveux Ionique - 2 vitesses - 4 températures - 1400W - OHM-RCY-7126EU OHMEX,OHMEX,Beauté et Santé,24.99,,True,carrefour
8006540841396,Hydropulseur avec 2 Refills Oxyjet Blanc et Bleu ORAL B,ORAL B,Beauté et Santé,84.99,,True,carrefour
8007403116323,Lisseur Myprosteam B28100 BELLISSIMA,BELLISSIMA,Beauté et Santé,29.99,,True,carrefour
8007403117269,Brosse soufflante GH18 1100 BELLISSIMA,BELLISSIMA,Beauté et Santé,32.99,,True,carrefour
8007403119560,Brosse Prodigy BELLISSIMA,BELLISSIMA,Beauté et Santé,249.99,,True,carrefour
8700216612258,Brosse à dents électrique SERIES FOREST GREEN ORA-IO2  BRAUN,BRAUN,Beauté et Santé,74.99,,True,carrefour
8700216612470,Brosses à dents électriques iO2 Duo Noir et Rose BRAUN,BRAUN,Beauté et Santé,124.99,,True,carrefour
8700216645300,Rasoir électrique Series 7 BRAUN,BRAUN,Beauté et Santé,229.99,,True,carrefour
8700216735575,Rasoir électrique Series 3 avec 1 sabot BRAUN,BRAUN,Beauté et Santé,49.99,,True,carrefour
8700216735742,Rasoir électrique Series 3 avec 3 sabots BRAUN,BRAUN,Beauté et Santé,89.99,,True,carrefour
8700216735896,Rasoir électrique Series 3+ BRAUN,BRAUN,Beauté et Santé,69.99,,True,carrefour
8700216931564,Brosse à dent électrique Enfant IO Kids stitch + Coffret de voyage ORAL-B,ORAL-B,Beauté et Santé,74.99,,True,carrefour
8700216963084,Epilateur rechargeable SilkEpil 5 SE5-000 - Blanc BRAUN,BRAUN,Beauté et Santé,64.99,,True,carrefour
8700216963121,Epilateur Electrique Filaire Silkepil 3031 - Rose et blanc BRAUN,BRAUN,Beauté et Santé,49.99,,True,carrefour
8700216963169,Epilateur SilkEpil 5 SE5-041 - Blanc BRAUN,BRAUN,Beauté et Santé,84.99,,True,carrefour
8700216963183,Epilateur rechargeable SilkEpil 7 7-011 BRAUN,BRAUN,Beauté et Santé,109.9,,True,carrefour
8700216963404,Epilateur SilkEpil 9 BRAUN,BRAUN,Beauté et Santé,149.99,,True,carrefour
8700216963527,Epilateur SilkEpil 9 Flex SES 9-060 BRAUN,BRAUN,Beauté et Santé,249.99,,True,carrefour
8710103859673,Tondeuse cheveux HC3505/15 PHILIPS,PHILIPS,Beauté et Santé,19.99,,True,carrefour
8710103897835,Tondeuse multifonctions HC5612/15 PHILIPS,PHILIPS,Beauté et Santé,35.99,,True,carrefour
8710103897903,Tondeuse cheveux HC7650/15 PHILIPS,PHILIPS,Beauté et Santé,79.99,,True,carrefour
8710103935476,Epilateur BRE700/00 PHILIPS,PHILIPS,Beauté et Santé,63.99,,True,carrefour
8710103961901,Sèche-cheveux BHD308/00 PHILIPS,PHILIPS,Beauté et Santé,25.99,,True,carrefour
8710103970316,Tondeuse cheveux Hairclipper Series 3000 PHILIPS,PHILIPS,Beauté et Santé,29.99,,True,carrefour
8712856071845,Epilateur INFF1PEUR002 SILK N,SILK N,Beauté et Santé,349.99,,True,carrefour
8720689002813,Brosse soufflante BHA530/00 PHILIPS,PHILIPS,Beauté et Santé,59.99,,True,carrefour
8720689007894,Rasoir électrique homme S7882/55 PHILIPS,PHILIPS,Beauté et Santé,169.99,,True,carrefour
8720689008082,Rasoir électrique homme S5898/35 PHILIPS,PHILIPS,Beauté et Santé,99.99,,True,carrefour
8720689008167,Rasoir s7886/35 PHILIPS,PHILIPS,Beauté et Santé,124.99,,True,carrefour
8720689008525,Rasoir S5898/79 PHILIPS,PHILIPS,Beauté et Santé,219.99,,True,carrefour
8720689011020,Rasoir électrique homme S5467/17 PHILIPS,PHILIPS,Beauté et Santé,89.99,,True,carrefour
8720689011037,Jet dentaire HX3826/31 PHILIPS,PHILIPS,Beauté et Santé,99.99,,True,carrefour
8720689017244,Epilateur Lumière Pulsée BRI924/00 PHILIPS,PHILIPS,Beauté et Santé,459.99,,True,carrefour
8720689018555,Rasoir électrique homme S3133/51 PHILIPS,PHILIPS,Beauté et Santé,59.99,,True,carrefour
8720689018609,Rasoir électrique homme S3244/12 PHILIPS,PHILIPS,Beauté et Santé,79.99,,True,carrefour
8720689019040,Rasoir électrique homme X3002/00 PHILIPS,PHILIPS,Beauté et Santé,49.99,,True,carrefour
