ean,title,brand,category,price,promo_price,available,seller_type,scraped_at,source_file
8806097330523,Smartphone Galaxy A26 5G Entreprise Edition 128 Go Noir SAMSUNG,SAMSUNG,Smartphones et Objets connectés,319.99,249.99,True,carrefour,2026-08-08T18:41:22.940703+00:00,carrefour_smartphones.csv
8806097827436,Smartphone Galaxy S26 512Go NOIR SAMSUNG,SAMSUNG,Smartphones et Objets connectés,1199.0,,True,carrefour,2026-08-08T18:41:22.940703+00:00,carrefour_smartphones.csv
8806099186630,Smartphone Galaxy Z Fold8 Ultra 256 Go - Graphite SAMSUNG,SAMSUNG,Smartphones et Objets connectés,2199.0,,True,carrefour,2026-08-08T18:41:22.940703+00:00,carrefour_smartphones.csv
8806099348847,Smartphone Galaxy Z Fold8 256 Go - Graphite SAMSUNG,SAMSUNG,Smartphones et Objets connectés,1999.0,,True,carrefour,2026-08-08T18:41:22.940703+00:00,carrefour_smartphones.csv
8806099025885,Samsung Galaxy A57 5g 8 Go/256 Go Bleu Clair (icyblue) Double Sim Sm-a576,SAMSUNG,Smartphones et Objets connectés,599.99,374.88,True,marketplace,2026-08-08T18:41:22.940703+00:00,carrefour_smartphones.csv
8806099025892,Samsung Galaxy A57 5g 8 Go/256 Go Lilas (lilac) Double Sim Sm-a576,SAMSUNG,Smartphones et Objets connectés,599.99,374.88,True,marketplace,2026-08-08T18:41:22.940703+00:00,carrefour_smartphones.csv
0195950627893,iPhone 17 Pro 512 Go Orange Cosmique (MG8M4F/A) APPLE,APPLE,Smartphones et Objets connectés,1569.0,,True,carrefour,2026-08-08T18:41:22.940703+00:00,carrefour_smartphones.csv
0840353926905,"Smartphone Google Pixel 10 6,3 5g Double Sim 128 Go Noir Volcanique",GOOGLE,Smartphones et Objets connectés,599.0,,True,marketplace,2026-08-08T18:41:22.940703+00:00,carrefour_smartphones.csv
0001010030605,Coque En Silicone Samsung Galaxy S26 Noire,APOKIN,Smartphones et Objets connectés,23.0,,True,marketplace,2026-08-08T18:41:22.940703+00:00,carrefour_smartphones.csv
0012304318286,Transcend 8gb Microsdhc Class 10 Uhs-i (ultimate) 8 Go Mlc Classe 10,TRANSCEND,Smartphones et Objets connectés,51.73,,True,marketplace,2026-08-08T18:41:22.940703+00:00,carrefour_smartphones.csv
0017229160996,Poly Adattatore Da Usb-a A Usb-c,Non spécifié,Smartphones et Objets connectés,32.09,,True,marketplace,2026-08-08T18:41:22.940703+00:00,carrefour_smartphones.csv
0023942301868,Verbatim 30186 Caricabatterie Per Dispositivi Mobili Universale Nero Ac Ricarica Rapida Interno,VERBATIM,Smartphones et Objets connectés,59.99,56.77,True,marketplace,2026-08-08T18:41:22.940703+00:00,carrefour_smartphones.csv
0023942318606,Verbatim Charge 'n' Drive Qi2 Rgb Smartphone Noir Usb Recharge Sans Fil Charge Rapide Auto,VERBATIM,Smartphones et Objets connectés,130.99,55.41,True,marketplace,2026-08-08T18:41:22.940703+00:00,carrefour_smartphones.csv
0023942318613,Verbatim Charge 'n' Drive Qi2 Smartphone Noir Usb Recharge Sans Fil Charge Rapide Auto,VERBATIM,Smartphones et Objets connectés,46.88,,True,marketplace,2026-08-08T18:41:22.940703+00:00,carrefour_smartphones.csv
0023942318620,Verbatim Charge 'n' Drive Smartphone Noir Usb Recharge Sans Fil Charge Rapide Auto,VERBATIM,Smartphones et Objets connectés,37.52,,True,marketplace,2026-08-08T18:41:22.940703+00:00,carrefour_smartphones.csv
0023942321279,Chargeur De Voyage Verbatim Charge ´n´ Travel - 85w Gan Iii,VERBATIM,Smartphones et Objets connectés,120.99,52.95,True,marketplace,2026-08-08T18:41:22.940703+00:00,carrefour_smartphones.csv
0023942322016,Chargeur Universel Verbatim Gnc-65 65w Rapide,VERBATIM,Smartphones et Objets connectés,28.66,,True,marketplace,2026-08-08T18:41:22.940703+00:00,carrefour_smartphones.csv
0023942322030,Verbatim Gnc-140 Caricabatterie Universale Nero Grigio Ac Ricarica Rapida Interno,VERBATIM,Smartphones et Objets connectés,66.04,64.12,True,marketplace,2026-08-08T18:41:22.940703+00:00,carrefour_smartphones.csv
0023942322054,Verbatim Gnc-240 Caricabatterie Universale Ac Ricarica Rapida Interno Nero Grigio,VERBATIM,Smartphones et Objets connectés,94.32,,True,marketplace,2026-08-08T18:41:22.940703+00:00,carrefour_smartphones.csv
0023942322160,Verbatim Gan Charger 165w Universale Nero Ac Ricarica Rapida Interno,VERBATIM,Smartphones et Objets connectés,109.99,63.84,True,marketplace,2026-08-08T18:41:22.940703+00:00,carrefour_smartphones.csv
0023942322177,Chargeur Verbatim Gan Charger 65w Avec 2xusb-c Pd Et 1xusb-a,VERBATIM,Smartphones et Objets connectés,44.68,,True,marketplace,2026-08-08T18:41:22.940703+00:00,carrefour_smartphones.csv
0023942322238,Câble Usb Verbatim Noir,VERBATIM,Smartphones et Objets connectés,50.7,,True,marketplace,2026-08-08T18:41:22.940703+00:00,carrefour_smartphones.csv
0023942322245,Power Bank Verbatim Essential 20000mah Avec Charge Sans Fil,VERBATIM,Smartphones et Objets connectés,55.66,,True,marketplace,2026-08-08T18:41:22.940703+00:00,carrefour_smartphones.csv
0023942322252,Verbatim Charge 'n' Go Essentials 5000 Mah Recharge Sans Fil Noir,VERBATIM,Smartphones et Objets connectés,32.15,,True,marketplace,2026-08-08T18:41:22.940703+00:00,carrefour_smartphones.csv
0023942322269,Verbatim Charge 'n' Go Essentials 5000 Mah Recharge Sans Fil Vert,VERBATIM,Smartphones et Objets connectés,30.76,,True,marketplace,2026-08-08T18:41:22.940703+00:00,carrefour_smartphones.csv
0023942322276,Verbatim Charge 'n' Go Essentials 10000 Mah Recharge Sans Fil Noir,VERBATIM,Smartphones et Objets connectés,38.65,,True,marketplace,2026-08-08T18:41:22.940703+00:00,carrefour_smartphones.csv
0023942322283,Verbatim Charge 'n' Go Essentials 10000 Mah Recharge Sans Fil Vert,VERBATIM,Smartphones et Objets connectés,40.95,,True,marketplace,2026-08-08T18:41:22.940703+00:00,carrefour_smartphones.csv
0023942322290,Verbatim Gan Charger 70w Universale Nero Ac Ricarica Rapida Interno,VERBATIM,Smartphones et Objets connectés,38.88,,True,marketplace,2026-08-08T18:41:22.940703+00:00,carrefour_smartphones.csv
0023942322405,Verbatim Charge 'n' Go Lithium Polymère (lipo) 5000 Mah Recharge Sans Fil Noir,VERBATIM,Smartphones et Objets connectés,35.75,,True,marketplace,2026-08-08T18:41:22.940703+00:00,carrefour_smartphones.csv
0023942322412,Verbatim Charge 'n' Go Lithium Polymère (lipo) 5000 Mah Recharge Sans Fil Vert,VERBATIM,Smartphones et Objets connectés,32.85,,True,marketplace,2026-08-08T18:41:22.940703+00:00,carrefour_smartphones.csv
0023942322429,Verbatim Charge 'n' Go Lithium Polymère (lipo) 5000 Mah Recharge Sans Fil Bleu,VERBATIM,Smartphones et Objets connectés,35.85,,True,marketplace,2026-08-08T18:41:22.940703+00:00,carrefour_smartphones.csv
0023942322436,Verbatim Charge 'n' Go Lithium Polymère (lipo) 5000 Mah Recharge Sans Fil Rose,VERBATIM,Smartphones et Objets connectés,34.75,,True,marketplace,2026-08-08T18:41:22.940703+00:00,carrefour_smartphones.csv
0023942322443,Verbatim Charge 'n' Go Lithium Polymère (lipo) 5000 Mah Recharge Sans Fil Gris,VERBATIM,Smartphones et Objets connectés,34.31,,True,marketplace,2026-08-08T18:41:22.940703+00:00,carrefour_smartphones.csv
0023942322450,Verbatim Charge 'n' Go Lithium Polymère (lipo) 10000 Mah Recharge Sans Fil Noir,VERBATIM,Smartphones et Objets connectés,43.67,,True,marketplace,2026-08-08T18:41:22.940703+00:00,carrefour_smartphones.csv
0023942322467,Verbatim Charge 'n' Go Lithium Polymère (lipo) 10000 Mah Recharge Sans Fil Vert,VERBATIM,Smartphones et Objets connectés,52.99,45.63,True,marketplace,2026-08-08T18:41:22.940703+00:00,carrefour_smartphones.csv
0023942322474,Verbatim Charge 'n' Go Lithium Polymère (lipo) 10000 Mah Recharge Sans Fil Bleu,VERBATIM,Smartphones et Objets connectés,48.68,,True,marketplace,2026-08-08T18:41:22.940703+00:00,carrefour_smartphones.csv
0023942322481,Verbatim Charge 'n' Go Lithium Polymère (lipo) 10000 Mah Recharge Sans Fil Rose,VERBATIM,Smartphones et Objets connectés,51.54,,True,marketplace,2026-08-08T18:41:22.940703+00:00,carrefour_smartphones.csv
0023942322498,Verbatim Charge 'n' Go Lithium Polymère (lipo) 10000 Mah Recharge Sans Fil Gris,VERBATIM,Smartphones et Objets connectés,46.44,,True,marketplace,2026-08-08T18:41:22.940703+00:00,carrefour_smartphones.csv
0023942322597,Verbatim Charge 'n' Go Magnetic Wireless Lithium Polymère (lipo) 10000 Mah Recharge Sans Fil Vert,VERBATIM,Smartphones et Objets connectés,29.52,,True,marketplace,2026-08-08T18:41:22.940703+00:00,carrefour_smartphones.csv
0023942322641,Verbatim Charge 'n' Go Magnetic Wireless Lithium Polymère (lipo) 10000 Mah Recharge Sans Fil Noir,VERBATIM,Smartphones et Objets connectés,50.82,,True,marketplace,2026-08-08T18:41:22.940703+00:00,carrefour_smartphones.csv
0023942322665,Verbatim Charge 'n' Go Magnetic Wireless Lithium Polymère (lipo) 10000 Mah Recharge Sans Fil Bleu,VERBATIM,Smartphones et Objets connectés,29.93,,True,marketplace,2026-08-08T18:41:22.940703+00:00,carrefour_smartphones.csv
0023942322696,Verbatim 32269 Banque D'alimentation Électrique Lithium-ion (li-ion) 27000 Mah Gris,VERBATIM,Smartphones et Objets connectés,253.99,94.91,True,marketplace,2026-08-08T18:41:22.940703+00:00,carrefour_smartphones.csv
0023942323525,Verbatim 32352 Caricabatterie Per Dispositivi Mobili Universale Nero Ac Ricarica Rapida Interno,VERBATIM,Smartphones et Objets connectés,28.22,,True,marketplace,2026-08-08T18:41:22.940703+00:00,carrefour_smartphones.csv
0023942323532,Câble Usb Verbatim 32353 65 W Blanc,VERBATIM,Smartphones et Objets connectés,47.99,22.61,True,marketplace,2026-08-08T18:41:22.940703+00:00,carrefour_smartphones.csv
0023942323549,"Verbatim 32354 Caricabatterie Per Dispositivi Mobili Computer Portatile, Smartphone, Tablet Nero Ac Ricarica Rapida",VERBATIM,Smartphones et Objets connectés,47.99,19.96,True,marketplace,2026-08-08T18:41:22.940703+00:00,carrefour_smartphones.csv
0023942323556,Câble Usb Verbatim 32355-verb 65 W Blanc,VERBATIM,Smartphones et Objets connectés,24.5,,True,marketplace,2026-08-08T18:41:22.940703+00:00,carrefour_smartphones.csv
0023942439639,Verbatim Premium 32 Go Sdhc Classe 10,VERBATIM,Smartphones et Objets connectés,16.03,,True,marketplace,2026-08-08T18:41:22.940703+00:00,carrefour_smartphones.csv
0023942440130,Verbatim Premium 32 Go Microsdhc Classe 10,VERBATIM,Smartphones et Objets connectés,17.9,,True,marketplace,2026-08-08T18:41:22.940703+00:00,carrefour_smartphones.csv
0023942440253,Verbatim Premium 128 Go Sdxc Classe 10,VERBATIM,Smartphones et Objets connectés,47.99,30.98,True,marketplace,2026-08-08T18:41:22.940703+00:00,carrefour_smartphones.csv
0023942440260,Verbatim Premium 256 Go Sdxc Uhs-i Classe 10,VERBATIM,Smartphones et Objets connectés,43.38,,True,marketplace,2026-08-08T18:41:22.940703+00:00,carrefour_smartphones.csv
0023942440826,Verbatim Premium 16 Go Microsdhc Classe 10,VERBATIM,Smartphones et Objets connectés,14.86,,True,marketplace,2026-08-08T18:41:22.940703+00:00,carrefour_smartphones.csv
0023942440833,Verbatim Premium 32 Go Microsdhc Classe 10,VERBATIM,Smartphones et Objets connectés,16.55,,True,marketplace,2026-08-08T18:41:22.940703+00:00,carrefour_smartphones.csv
0023942440840,Carte mémoire microSDXC avec adaptateur Classe 10 64 Go VERBATIM,VERBATIM,Smartphones et Objets connectés,19.95,,True,marketplace,2026-08-08T18:41:22.940703+00:00,carrefour_smartphones.csv
0023942440857,Carte mémoire microSDXC avec adaptateur Classe 10 128 Go VERBATIM,VERBATIM,Smartphones et Objets connectés,33.49,,True,marketplace,2026-08-08T18:41:22.940703+00:00,carrefour_smartphones.csv
0023942440871,Verbatim Microsdxc 256gb Class 10 Uhs-i + Adapt. 44087,VERBATIM,Smartphones et Objets connectés,59.84,,True,marketplace,2026-08-08T18:41:22.940703+00:00,carrefour_smartphones.csv
0023942470212,Verbatim Pro 32 Go Sdhc Uhs Classe 10,VERBATIM,Smartphones et Objets connectés,14.99,13.95,True,marketplace,2026-08-08T18:41:22.940703+00:00,carrefour_smartphones.csv
0023942470229,Verbatim Pro 64 Go Sdxc Uhs Classe 10,VERBATIM,Smartphones et Objets connectés,26.99,19.55,True,marketplace,2026-08-08T18:41:22.940703+00:00,carrefour_smartphones.csv
0023942470410,Verbatim Pro 32 Go Microsdhc Uhs Classe 10,VERBATIM,Smartphones et Objets connectés,20.03,,True,marketplace,2026-08-08T18:41:22.940703+00:00,carrefour_smartphones.csv
0023942470427,Verbatim Pro 64 Go Microsdxc Uhs Classe 10,VERBATIM,Smartphones et Objets connectés,22.15,,True,marketplace,2026-08-08T18:41:22.940703+00:00,carrefour_smartphones.csv
0023942470441,Verbatim Pro 128 Go Microsdxc Uhs-i Classe 10,VERBATIM,Smartphones et Objets connectés,35.27,,True,marketplace,2026-08-08T18:41:22.940703+00:00,carrefour_smartphones.csv
0023942495529,Chargeur Sans Fil Multiposition Avec Support Verbatim Fwc-01,VERBATIM,Smartphones et Objets connectés,31.74,,True,marketplace,2026-08-08T18:41:22.940703+00:00,carrefour_smartphones.csv
0023942495536,Chargeur Sans Fil Multiposition Avec Support Verbatim Fwc-02,VERBATIM,Smartphones et Objets connectés,36.86,,True,marketplace,2026-08-08T18:41:22.940703+00:00,carrefour_smartphones.csv
0023942497011,Verbatim 49700 Universale Bianco Ac Ricarica Rapida Interno,VERBATIM,Smartphones et Objets connectés,20.99,15.08,True,marketplace,2026-08-08T18:41:22.940703+00:00,carrefour_smartphones.csv
0026815324513,Sac A Dos Pour Appareil Photo Tenba 632451,TENBA,Smartphones et Objets connectés,188.05,,True,marketplace,2026-08-08T18:41:22.940703+00:00,carrefour_smartphones.csv
0027242898097,Carte Mémoire Sony Sdxc 64 Go Uhs Ii,SONY,Smartphones et Objets connectés,1119.1,,True,marketplace,2026-08-08T18:41:22.940703+00:00,carrefour_smartphones.csv
0027242898103,Sony 128gb Sdxc 128 Go Uhs-ii Classe 10,SONY,Smartphones et Objets connectés,159.9,,True,marketplace,2026-08-08T18:41:22.940703+00:00,carrefour_smartphones.csv
0027242900028,Cartes Xqd Sony Qdr 32 E,SONY,Smartphones et Objets connectés,258.4,,True,marketplace,2026-08-08T18:41:22.940703+00:00,carrefour_smartphones.csv
0027242908338,Sony Carte Sd Tough 128 Go R300/w299 - Sf-g128t/t1,SONY,Smartphones et Objets connectés,355.37,,True,marketplace,2026-08-08T18:41:22.940703+00:00,carrefour_smartphones.csv
0027242916289,Sony Carte Cfexpress Tough Type B 512 Go,SONY,Smartphones et Objets connectés,524.67,,True,marketplace,2026-08-08T18:41:22.940703+00:00,carrefour_smartphones.csv
0027242917941,Sony Sf-m128t 128 Go Sdxc Uhs-ii Classe 10,SONY,Smartphones et Objets connectés,183.96,,True,marketplace,2026-08-08T18:41:22.940703+00:00,carrefour_smartphones.csv
0027242917958,Carte Secure Digital Sony Tough Sf-m 256 Go Sdxc Uhs-ii U3 V60 Noir,SONY,Smartphones et Objets connectés,307.76,,True,marketplace,2026-08-08T18:41:22.940703+00:00,carrefour_smartphones.csv
0027242926363,Carte Mémoire Sony Tough Sf-g Sdxc 256 Go Uhs-ii U3 V90 Ip68 Noir,SONY,Smartphones et Objets connectés,596.11,,True,marketplace,2026-08-08T18:41:22.940703+00:00,carrefour_smartphones.csv
0027242926370,"Carte Mémoire Sdxc Uhs-ii Tough 512 Go Noir 24 X 32 X 2,1 Mm Sony",SONY,Smartphones et Objets connectés,545.56,,True,marketplace,2026-08-08T18:41:22.940703+00:00,carrefour_smartphones.csv
0027242926387,Carte Mémoire Sdxc Uhs-ii Classe 10 U3 V60 512 Go Noire Sony,SONY,Smartphones et Objets connectés,520.24,,True,marketplace,2026-08-08T18:41:22.940703+00:00,carrefour_smartphones.csv
0028fab1-be3d-4bcb-8309-5cab4fae833b,Iphone Air 256 Go Or Clair Reconditionné Excellent Etat Batterie D'origine,APPLE,Smartphones et Objets connectés,855.8,,True,marketplace,2026-08-08T18:41:22.940703+00:00,carrefour_smartphones.csv
0042420060905,Commutation Video Hexakit Hv 6983,HEXAKIT,Smartphones et Objets connectés,34.38,,True,marketplace,2026-08-08T18:41:22.940703+00:00,carrefour_smartphones.csv
0049720024934,Station De Charge Incharge Duo Plus Pour Ipad/iphone/ipod,Non spécifié,Smartphones et Objets connectés,51.99,,True,marketplace,2026-08-08T18:41:22.940703+00:00,carrefour_smartphones.csv
0050743657573,Smartwatch Pour Enfants Little Tikes Tobi 2 Robot Rouge,LITTLE TIKES,Smartphones et Objets connectés,118.99,,True,marketplace,2026-08-08T18:41:22.940703+00:00,carrefour_smartphones.csv
0051122308017,"Imation Link Power Drive 16gb Lithium Polymère (lipo) 3000 Mah Argent, Blanc",IMATION,Smartphones et Objets connectés,90.71,,True,marketplace,2026-08-08T18:41:22.940703+00:00,carrefour_smartphones.csv
0051128774366,"3m 7000013838 Schermo Anti-riflesso Filtro Per La Privacy Senza Bordi Per Display 43,2 Cm (17"")",3M,Smartphones et Objets connectés,89.19,,True,marketplace,2026-08-08T18:41:22.940703+00:00,carrefour_smartphones.csv
0065030850582,Startech.com Usblt1mb Câble Lightning,STARTECH.COM,Smartphones et Objets connectés,25.28,,True,marketplace,2026-08-08T18:41:22.940703+00:00,carrefour_smartphones.csv
0065030850599,Startech.com Usblt1mw Câble Lightning,STARTECH.COM,Smartphones et Objets connectés,25.79,,True,marketplace,2026-08-08T18:41:22.940703+00:00,carrefour_smartphones.csv
0065030850674,Startech.com Usblt2mb Câble Lightning,STARTECH.COM,Smartphones et Objets connectés,30.31,,True,marketplace,2026-08-08T18:41:22.940703+00:00,carrefour_smartphones.csv
0065030850681,Startech.com Usblt2mw Câble Lightning,STARTECH.COM,Smartphones et Objets connectés,26.89,,True,marketplace,2026-08-08T18:41:22.940703+00:00,carrefour_smartphones.csv
0065030851763,Startech.com Usblt3mw Câble Lightning,STARTECH.COM,Smartphones et Objets connectés,30.91,,True,marketplace,2026-08-08T18:41:22.940703+00:00,carrefour_smartphones.csv
0065030859677,"Startech.com Chargeur Mural Usb À 2 Ports - Haute Puissance (17 W / 3,4 A) - Chargeur De Voyage International",STARTECH.COM,Smartphones et Objets connectés,30.25,,True,marketplace,2026-08-08T18:41:22.940703+00:00,carrefour_smartphones.csv
0065030860673,"Startech.com Chargeur Mural Usb À 2 Ports - Haute Puissance 17w / 3,4a - Chargeur De Voyage International - Blanc",STARTECH.COM,Smartphones et Objets connectés,29.28,,True,marketplace,2026-08-08T18:41:22.940703+00:00,carrefour_smartphones.csv
0065030866064,Startech.com Usb2pcarwhs Chargeur D'appareils Mobiles Blanc Auto,STARTECH.COM,Smartphones et Objets connectés,22.84,,True,marketplace,2026-08-08T18:41:22.940703+00:00,carrefour_smartphones.csv
0065030867184,Chargeur Portable Startech Sva12m5na,STARTECH,Smartphones et Objets connectés,81.07,,True,marketplace,2026-08-08T18:41:22.940703+00:00,carrefour_smartphones.csv
0065030868181,Startech.com Sdmsdrwu3ac Lecteur De Carte Mémoire Usb 3.2 Gen 1 (3.1 Gen 1) Type-a/type-c Noir,STARTECH.COM,Smartphones et Objets connectés,21.71,,True,marketplace,2026-08-08T18:41:22.940703+00:00,carrefour_smartphones.csv
0065030883818,Chargeur Usb C Startech.com Wch1ceu 60w Pd Blanc,STARTECH.COM,Smartphones et Objets connectés,55.4,,True,marketplace,2026-08-08T18:41:22.940703+00:00,carrefour_smartphones.csv
0065030886710,"Startech.com Privscnmon27 Schermo Anti-riflesso 68,6 Cm (27"")",STARTECH,Smartphones et Objets connectés,116.63,,True,marketplace,2026-08-08T18:41:22.940703+00:00,carrefour_smartphones.csv
0065030886727,"Startech.com Privscnmac15 Schermo Anti-riflesso 38,1 Cm (15"")",STARTECH,Smartphones et Objets connectés,71.73,,True,marketplace,2026-08-08T18:41:22.940703+00:00,carrefour_smartphones.csv
0065030900560,Startech.com 173l-privacy-screen Filtre Anti-reflets Pour Écran Et Filtre De Confidentialité Filtre De Confidentialité,STARTECH,Smartphones et Objets connectés,57.99,,True,marketplace,2026-08-08T18:41:22.940703+00:00,carrefour_smartphones.csv
0065030906494,"Startech.com Filtre De Confidentialité 4 Directions Pour Iphone 15, Orientation Portrait/paysage, Écran De",STARTECH,Smartphones et Objets connectés,50.81,,True,marketplace,2026-08-08T18:41:22.940703+00:00,carrefour_smartphones.csv
0065030907187,"Startech.com Cavo Usb-c Da 1m, Cavo Di Ricarica Usb-c, Cavo Usb 2.0 Tipo-c Per Laptop, 60w 3a Power Delivery,",STARTECH,Smartphones et Objets connectés,9.62,,True,marketplace,2026-08-08T18:41:22.940703+00:00,carrefour_smartphones.csv
0065030907194,"Startech.com Cavo Usb-c Da 2m, Cavo Di Ricarica Usb-c, Cavo Usb 2.0 Tipo-c Per Laptop, 60w 3a Power Delivery,",STARTECH,Smartphones et Objets connectés,13.62,,True,marketplace,2026-08-08T18:41:22.940703+00:00,carrefour_smartphones.csv
0065030909150,"Startech.com Câble De Recharge Usb-c De 1m, Cordon Usb-c Certifié Usb-if, 240w Pd Epr, Câble Chargeur Usb 2.0 Type-c",STARTECH,Smartphones et Objets connectés,19.05,,True,marketplace,2026-08-08T18:41:22.940703+00:00,carrefour_smartphones.csv
0065030909167,Cable De Chargement Usb-c Type-c,STARTECH,Smartphones et Objets connectés,21.04,,True,marketplace,2026-08-08T18:41:22.940703+00:00,carrefour_smartphones.csv
0065030909594,"Startech.com Câble De Charge Usb-c De 3m, Charge Et Synchronisation, 60w (3a) Pd, Câble De Charge Usb 2.0 Pour",STARTECH,Smartphones et Objets connectés,16.3,,True,marketplace,2026-08-08T18:41:22.940703+00:00,carrefour_smartphones.csv
0065030910231,"Startech.com Câble De Charge Usb-c De 4m, Charge Et Synchronisation, 240w (5a) Pd Epr, Câble De Charge Usb 2.0 Pour",STARTECH,Smartphones et Objets connectés,22.46,,True,marketplace,2026-08-08T18:41:22.940703+00:00,carrefour_smartphones.csv
0065030912471,"Startech.com Filtre De Confidentialité 4 Directions Pour Iphone 15 Plus, Supporte L'orientation Portrait/paysage,",STARTECH,Smartphones et Objets connectés,51.99,47.92,True,marketplace,2026-08-08T18:41:22.940703+00:00,carrefour_smartphones.csv
0065030912488,"Startech.com Filtre De Confidentialité 4 Directions Pour Iphone 15 Pro, Supporte L'orientation Portrait/paysage, Tactile",STARTECH,Smartphones et Objets connectés,47.94,,True,marketplace,2026-08-08T18:41:22.940703+00:00,carrefour_smartphones.csv
0065030912495,"Startech.com Filtre De Confidentialité 4 Directions Pour Iphone 15 Pro Max, Supporte L'orientation Portrait/paysage,",STARTECH,Smartphones et Objets connectés,49.95,,True,marketplace,2026-08-08T18:41:22.940703+00:00,carrefour_smartphones.csv
0065030916790,"Startech.com Cavo Di Ricarica Usb-c Da 2m, Chiusura A Vite Laterale, 240w (5a) Pd Epr, Rivestimento In Silicone Con",STARTECH,Smartphones et Objets connectés,27.38,,True,marketplace,2026-08-08T18:41:22.940703+00:00,carrefour_smartphones.csv
0065030916806,"Startech.com Cavo Di Ricarica Usb-c Da 3m, Chiusura A Vite Laterale, 240w (5a) Pd Epr, Rivestimento In Silicone Con",STARTECH,Smartphones et Objets connectés,26.76,,True,marketplace,2026-08-08T18:41:22.940703+00:00,carrefour_smartphones.csv
0065030920674,"Startech.com Filtro Privacy Per Iphone 16 A 4 Direzioni E 360°, Supporta Orientamento Verticale/orizzontale, Touch",STARTECH,Smartphones et Objets connectés,47.78,,True,marketplace,2026-08-08T18:41:22.940703+00:00,carrefour_smartphones.csv
0065030920681,"Startech.com Filtre De Confidentialité Pour Iphone 16 Plus À 4 Directions Et 360°, Supporte L'orientation",STARTECH,Smartphones et Objets connectés,46.43,,True,marketplace,2026-08-08T18:41:22.940703+00:00,carrefour_smartphones.csv
0065030920698,"Startech.com Filtre De Confidentialité Pour Iphone 16 Pro À 4 Directions Et 360°, Supporte L'orientation",STARTECH,Smartphones et Objets connectés,51.92,,True,marketplace,2026-08-08T18:41:22.940703+00:00,carrefour_smartphones.csv
0065030920704,"Startech.com Filtre De Confidentialité Pour Iphone 16 Pro Max À 4 Directions Et 360°, Supporte L'orientation",STARTECH,Smartphones et Objets connectés,51.92,,True,marketplace,2026-08-08T18:41:22.940703+00:00,carrefour_smartphones.csv
0076055782352,Transcend 1000x Compactflash 32gb 32 Go Mlc,TRANSCEND,Smartphones et Objets connectés,233.89,,True,marketplace,2026-08-08T18:41:22.940703+00:00,carrefour_smartphones.csv
0088021812543,Iridium Go! Hotspot Wi-fi Satellite,Non spécifié,Smartphones et Objets connectés,1197.34,,True,marketplace,2026-08-08T18:41:22.940703+00:00,carrefour_smartphones.csv
0091661417245,Protection Pour Téléphone Portable Gc Watches L01005g2 Noir,GC WATCHES,Smartphones et Objets connectés,64.32,,True,marketplace,2026-08-08T18:41:22.940703+00:00,carrefour_smartphones.csv
0091661429446,Protection Pour Téléphone Portable Gc Watches L08001l1 Noir,GC WATCHES,Smartphones et Objets connectés,102.25,,True,marketplace,2026-08-08T18:41:22.940703+00:00,carrefour_smartphones.csv
0094664029965,steelie Dash Mount Ball,Non spécifié,Smartphones et Objets connectés,30.58,,True,marketplace,2026-08-08T18:41:22.940703+00:00,carrefour_smartphones.csv
009efc9a-4ed2-487b-8ca3-caf1d2674eed,Iphone 11 64 Go Vert Reconditionné Très Bon Etat Batterie D'origine,APPLE,Smartphones et Objets connectés,222.2,,True,marketplace,2026-08-08T18:41:22.940703+00:00,carrefour_smartphones.csv
00a8ce3a-cb0a-4058-97c7-257ee1bc77c8,Iphone 14 128 Go Bleu Reconditionné Excellent Etat Batterie Neuve,APPLE,Smartphones et Objets connectés,475.2,,True,marketplace,2026-08-08T18:41:22.940703+00:00,carrefour_smartphones.csv
01026a19-e1a6-4016-9573-b012d28c181a,Iphone 14 Plus 128 Go Minuit Reconditionné Bon Etat Batterie D'origine,APPLE,Smartphones et Objets connectés,388.3,,True,marketplace,2026-08-08T18:41:22.940703+00:00,carrefour_smartphones.csv
010f5b8b-aa89-4c65-9af8-421c2c672cf9,Iphone 14 Pro Max 128 Go Violet Intense Reconditionné Très Bon Etat Batterie D'origine,APPLE,Smartphones et Objets connectés,609.4,,True,marketplace,2026-08-08T18:41:22.940703+00:00,carrefour_smartphones.csv
0163120653935,Transcend 128gb Sdxc Class 10 128 Go Classe 10,TRANSCEND,Smartphones et Objets connectés,145.22,,True,marketplace,2026-08-08T18:41:22.940703+00:00,carrefour_smartphones.csv
01748724-86d8-488d-a729-9bf6f33d050e,Iphone 14 Plus 128 Go Bleu Reconditionné Excellent Etat Batterie D'origine,APPLE,Smartphones et Objets connectés,485.1,,True,marketplace,2026-08-08T18:41:22.940703+00:00,carrefour_smartphones.csv
0190198496263,Cable USB-C vers lightning - 1m - MQGJ2ZM/A APPLE,APPLE,Smartphones et Objets connectés,38.43,,True,marketplace,2026-08-08T18:41:22.940703+00:00,carrefour_smartphones.csv
0190198496294,Smartphone iPhone 8/7 Silicone Case - Noir APPLE,APPLE,Smartphones et Objets connectés,64.6,,True,marketplace,2026-08-08T18:41:22.940703+00:00,carrefour_smartphones.csv
0190198496454,Coque Proctection Gsm Apple Mqgw2zm/a,APPLE,Smartphones et Objets connectés,15.64,,True,marketplace,2026-08-08T18:41:22.940703+00:00,carrefour_smartphones.csv
0190198496492,Coque Proctection Gsm Apple Mqgy2zm/a,APPLE,Smartphones et Objets connectés,71.0,,True,marketplace,2026-08-08T18:41:22.940703+00:00,carrefour_smartphones.csv
0190198522573,Iphone X Leather Folio - Berry,APPLE,Smartphones et Objets connectés,49.99,39.76,True,marketplace,2026-08-08T18:41:22.940703+00:00,carrefour_smartphones.csv
0190198616395,Apple Alimentatore Usb-c Da 30w,APPLE,Smartphones et Objets connectés,39.99,,True,marketplace,2026-08-08T18:41:22.940703+00:00,carrefour_smartphones.csv
0190198707017,Apple Étui Folio En Cuir Pour Iphone X Rose Poudré,APPLE,Smartphones et Objets connectés,63.94,,True,marketplace,2026-08-08T18:41:22.940703+00:00,carrefour_smartphones.csv
0190198763228,Coque En Silicone Apple Noir Pour Iphone Xs Max,APPLE,Smartphones et Objets connectés,33.14,32.49,True,marketplace,2026-08-08T18:41:22.940703+00:00,carrefour_smartphones.csv
0190198763266,"Apple Mrwg2zm/a Coque De Protection Pour Téléphones Portables 16,5 Cm (6.5"") Bleu",APPLE,Smartphones et Objets connectés,45.0,41.14,True,marketplace,2026-08-08T18:41:22.940703+00:00,carrefour_smartphones.csv
0190198763280,"Apple Mrwh2zm/a Coque De Protection Pour Téléphones Portables 16,5 Cm (6.5"") Rouge",APPLE,Smartphones et Objets connectés,15.16,,True,marketplace,2026-08-08T18:41:22.940703+00:00,carrefour_smartphones.csv
0190198763440,"Apple Mrwr2zm/a Coque De Protection Pour Téléphones Portables 16,5 Cm (6.5"") Housse Taupe",APPLE,Smartphones et Objets connectés,16.89,,True,marketplace,2026-08-08T18:41:22.940703+00:00,carrefour_smartphones.csv
0190198763464,"Apple Mrwt2zm/a Coque De Protection Pour Téléphones Portables 16,5 Cm (6.5"") Housse Noir",APPLE,Smartphones et Objets connectés,80.2,,True,marketplace,2026-08-08T18:41:22.940703+00:00,carrefour_smartphones.csv
0190198763488,"Apple Mrwu2zm/a Coque De Protection Pour Téléphones Portables 16,5 Cm (6.5"") Housse Bleu",APPLE,Smartphones et Objets connectés,80.2,,True,marketplace,2026-08-08T18:41:22.940703+00:00,carrefour_smartphones.csv
0190198763501,"Apple Mrwv2zm/a Coque De Protection Pour Téléphones Portables 16,5 Cm (6.5"") Housse Marron",APPLE,Smartphones et Objets connectés,15.38,,True,marketplace,2026-08-08T18:41:22.940703+00:00,carrefour_smartphones.csv
0190198763686,"Apple Mrx52zm/a Coque De Protection Pour Téléphones Portables 16,5 Cm (6.5"") Folio Bleu",APPLE,Smartphones et Objets connectés,126.28,,True,marketplace,2026-08-08T18:41:22.940703+00:00,carrefour_smartphones.csv
0190198802804,Coque En Cuir Apple Iphone Xs Max Élégante Rose Pivoine,APPLE,Smartphones et Objets connectés,15.64,,True,marketplace,2026-08-08T18:41:22.940703+00:00,carrefour_smartphones.csv
0190198806758,Montre connectée Apple Watch 3 - 42 - Alu argent / Bracelet Sport Blanc APPLE,APPLE,Smartphones et Objets connectés,316.78,,True,marketplace,2026-08-08T18:41:22.940703+00:00,carrefour_smartphones.csv
0190198848376,Bracelet Sport Watch 40mm Taille S/m/l,APPLE,Smartphones et Objets connectés,61.17,,True,marketplace,2026-08-08T18:41:22.940703+00:00,carrefour_smartphones.csv
0190198914507,Muf72zm/a Câble Usb 1 M Usb C Blanc,APPLE,Smartphones et Objets connectés,14.58,,True,marketplace,2026-08-08T18:41:22.940703+00:00,carrefour_smartphones.csv
0190199120594,Coque En Cuir Apple Iphone Xs Max Lilas Protection Et Finition Douce,APPLE,Smartphones et Objets connectés,16.92,,True,marketplace,2026-08-08T18:41:22.940703+00:00,carrefour_smartphones.csv
0190199125896,Apple Mvf62zm/a Coque De Protection Pour Téléphones Portables Housse,APPLE,Smartphones et Objets connectés,18.44,,True,marketplace,2026-08-08T18:41:22.940703+00:00,carrefour_smartphones.csv
0190199126107,Apple Mvft2zm/a Coque De Protection Pour Téléphones Portables Folio,APPLE,Smartphones et Objets connectés,42.99,13.44,True,marketplace,2026-08-08T18:41:22.940703+00:00,carrefour_smartphones.csv
0190199126169,Apple Mvfv2zm/a Coque De Protection Pour Téléphones Portables Folio,APPLE,Smartphones et Objets connectés,150.99,13.44,True,marketplace,2026-08-08T18:41:22.940703+00:00,carrefour_smartphones.csv
0190199223721,Apple Iphone 11 128go Blanc,APPLE,Smartphones et Objets connectés,545.96,,True,marketplace,2026-08-08T18:41:22.940703+00:00,carrefour_smartphones.csv
0190199259232,Bracelet Nike Apple Sport Violet Et Noir Pour Apple Watch,APPLE,Smartphones et Objets connectés,57.57,,True,marketplace,2026-08-08T18:41:22.940703+00:00,carrefour_smartphones.csv
0190199269149,Apple Coque Silicone Blanc Pour Iphone 11,APPLE,Smartphones et Objets connectés,16.45,,True,marketplace,2026-08-08T18:41:22.940703+00:00,carrefour_smartphones.csv
0190199269446,"Apple Mwya2zm/a Coque De Protection Pour Téléphones Portables 14,7 Cm (5.8"") Housse Jaune",APPLE,Smartphones et Objets connectés,55.0,39.03,True,marketplace,2026-08-08T18:41:22.940703+00:00,carrefour_smartphones.csv
0190199269507,"Apple Mwyd2zm/a Coque De Protection Pour Téléphones Portables 14,7 Cm (5.8"") Housse Marron",APPLE,Smartphones et Objets connectés,55.0,33.21,True,marketplace,2026-08-08T18:41:22.940703+00:00,carrefour_smartphones.csv
0190199269569,"Apple Mwyf2zm/a Coque De Protection Pour Téléphones Portables 14,7 Cm (5.8"") Housse Rouge",APPLE,Smartphones et Objets connectés,16.32,,True,marketplace,2026-08-08T18:41:22.940703+00:00,carrefour_smartphones.csv
0190199282575,Apple Watch Series 5 Cellular 40 Mm Boitier En Aluminium Gris Sideral,APPLE,Smartphones et Objets connectés,529.63,,True,marketplace,2026-08-08T18:41:22.940703+00:00,carrefour_smartphones.csv
0190199284128,Apple Watch Series 5 Cellular 40 Mm Boitier En Acier Inoxydable Noir S,APPLE,Smartphones et Objets connectés,696.11,,True,marketplace,2026-08-08T18:41:22.940703+00:00,carrefour_smartphones.csv
0190199284432,Apple Watch Series 5 Cellular 40 Mm Boitier En Acier Inoxydable Noir S,APPLE,Smartphones et Objets connectés,713.31,,True,marketplace,2026-08-08T18:41:22.940703+00:00,carrefour_smartphones.csv
0190199285446,Apple Coque Transparente Pour Iphone 11 Pro,APPLE,Smartphones et Objets connectés,45.0,20.21,True,marketplace,2026-08-08T18:41:22.940703+00:00,carrefour_smartphones.csv
0190199287532,Coque Transparente Pour Iphone 11 Pro Max,APPLE,Smartphones et Objets connectés,29.27,28.7,True,marketplace,2026-08-08T18:41:22.940703+00:00,carrefour_smartphones.csv
0190199287563,"Apple Mx0a2zm/a Coque De Protection Pour Téléphones Portables 16,5 Cm (6.5"") Housse Jaune",APPLE,Smartphones et Objets connectés,81.8,,True,marketplace,2026-08-08T18:41:22.940703+00:00,carrefour_smartphones.csv
0190199287624,"Apple Mx0d2zm/a Coque De Protection Pour Téléphones Portables 16,5 Cm (6.5"") Housse Marron",APPLE,Smartphones et Objets connectés,30.99,30.38,True,marketplace,2026-08-08T18:41:22.940703+00:00,carrefour_smartphones.csv
0190199287655,"Apple Mx0e2zm/a Coque De Protection Pour Téléphones Portables 16,5 Cm (6.5"") Housse Noir",APPLE,Smartphones et Objets connectés,26.69,26.17,True,marketplace,2026-08-08T18:41:22.940703+00:00,carrefour_smartphones.csv
0190199287686,"Apple Mx0f2zm/a Coque De Protection Pour Téléphones Portables 16,5 Cm (6.5"") Housse Rouge",APPLE,Smartphones et Objets connectés,15.72,,True,marketplace,2026-08-08T18:41:22.940703+00:00,carrefour_smartphones.csv
0190199287716,"Apple Mx0g2zm/a Coque De Protection Pour Téléphones Portables 16,5 Cm (6.5"") Housse Bleu",APPLE,Smartphones et Objets connectés,55.0,33.32,True,marketplace,2026-08-08T18:41:22.940703+00:00,carrefour_smartphones.csv
0190199287747,Coque iPhone 11 Transparent (MWVG2ZM) APPLE,APPLE,Smartphones et Objets connectés,77.4,,True,marketplace,2026-08-08T18:41:22.940703+00:00,carrefour_smartphones.csv
0190199287839,"Apple Mwyl2zm/a Coque De Protection Pour Téléphones Portables 14,7 Cm (5.8"") Housse Blanc",APPLE,Smartphones et Objets connectés,44.04,,True,marketplace,2026-08-08T18:41:22.940703+00:00,carrefour_smartphones.csv
0190199287860,"Apple Mwym2zm/a Coque De Protection Pour Téléphones Portables 14,7 Cm (5.8"") Housse Sable",APPLE,Smartphones et Objets connectés,39.99,15.53,True,marketplace,2026-08-08T18:41:22.940703+00:00,carrefour_smartphones.csv
0190199287891,Coque de protection pour iPhone 11 Pro - MWYN2ZM/A - Noir APPLE,APPLE,Smartphones et Objets connectés,28.2,27.65,True,marketplace,2026-08-08T18:41:22.940703+00:00,carrefour_smartphones.csv
0190199287952,Coque Silicone Apple Iphone 11 Pro Orange Protection Et Finition Lisse,APPLE,Smartphones et Objets connectés,45.0,12.0,True,marketplace,2026-08-08T18:41:22.940703+00:00,carrefour_smartphones.csv
0190199288102,"Apple Mwyw2zm/a Coque De Protection Pour Téléphones Portables 16,5 Cm (6.5"") Housse Bleu",APPLE,Smartphones et Objets connectés,26.69,26.17,True,marketplace,2026-08-08T18:41:22.940703+00:00,carrefour_smartphones.csv
0190199288133,"Apple Mwyx2zm/a Coque De Protection Pour Téléphones Portables 16,5 Cm (6.5"") Housse Blanc",APPLE,Smartphones et Objets connectés,15.92,,True,marketplace,2026-08-08T18:41:22.940703+00:00,carrefour_smartphones.csv
0190199288164,"Apple Mwyy2zm/a Coque De Protection Pour Téléphones Portables 16,5 Cm (6.5"") Housse Sable",APPLE,Smartphones et Objets connectés,43.99,31.5,True,marketplace,2026-08-08T18:41:22.940703+00:00,carrefour_smartphones.csv
0190199288195,Coque de protection pour iPhone 11 Pro Max - MX002ZM/A - Noir APPLE,APPLE,Smartphones et Objets connectés,16.29,,True,marketplace,2026-08-08T18:41:22.940703+00:00,carrefour_smartphones.csv
0190199288256,Coque Apple Iphone 11 Pro Max Silicone Clémentine Mince Léger,APPLE,Smartphones et Objets connectés,43.99,15.53,True,marketplace,2026-08-08T18:41:22.940703+00:00,carrefour_smartphones.csv
0190199288287,Coque En Silicone Pour Iphone 11 Pro Max Bleu D'alaska,APPLE,Smartphones et Objets connectés,80.27,,True,marketplace,2026-08-08T18:41:22.940703+00:00,carrefour_smartphones.csv
0190199288379,"Apple Mx062zm/a Coque De Protection Pour Téléphones Portables 14,7 Cm (5.8"") Folio Noir",APPLE,Smartphones et Objets connectés,22.47,,True,marketplace,2026-08-08T18:41:22.940703+00:00,carrefour_smartphones.csv
0190199288454,"Apple Mx092zm/a Coque De Protection Pour Téléphones Portables 16,5 Cm (6.5"") Folio Aubergine",APPLE,Smartphones et Objets connectés,16.96,,True,marketplace,2026-08-08T18:41:22.940703+00:00,carrefour_smartphones.csv
0190199291102,Câble de charge magnétique pour Apple Watch (MX2E2ZM/A) APPLE,APPLE,Smartphones et Objets connectés,28.9,26.56,True,marketplace,2026-08-08T18:41:22.940703+00:00,carrefour_smartphones.csv
0190199291195,Câble De Charge Apple Blanc Magnétique Magsafe 2 M,APPLE,Smartphones et Objets connectés,13.54,,True,marketplace,2026-08-08T18:41:22.940703+00:00,carrefour_smartphones.csv
0190199314795,Apple Laniere En Cuir Airtag Havane,APPLE,Smartphones et Objets connectés,45.0,38.2,True,marketplace,2026-08-08T18:41:22.940703+00:00,carrefour_smartphones.csv
0190199314948,Porte Cles En Cuir Airtag Marron,APPLE,Smartphones et Objets connectés,38.2,,True,marketplace,2026-08-08T18:41:22.940703+00:00,carrefour_smartphones.csv
0190199315068,Apple Laniere Airtag Blanc,APPLE,Smartphones et Objets connectés,13.24,,True,marketplace,2026-08-08T18:41:22.940703+00:00,carrefour_smartphones.csv
0190199320246,AirTag Blanc (MX532ZM/A) APPLE,APPLE,Smartphones et Objets connectés,35.99,,True,carrefour,2026-08-08T18:41:22.940703+00:00,carrefour_smartphones.csv
0190199320338,Pack de 4 AirTag (MX542ZM) APPLE,APPLE,Smartphones et Objets connectés,129.99,,True,carrefour,2026-08-08T18:41:22.940703+00:00,carrefour_smartphones.csv
0190199370388,Câble USB-C vers Lightning (MX0K2ZM/A) APPLE,APPLE,Smartphones et Objets connectés,19.24,,True,marketplace,2026-08-08T18:41:22.940703+00:00,carrefour_smartphones.csv
0190199503656,"Smartphone Apple Iphone Se Noir 4.7 "" Ram 3 Go Stockage 64 Go",APPLE,Smartphones et Objets connectés,269.99,,True,marketplace,2026-08-08T18:41:22.940703+00:00,carrefour_smartphones.csv
0190199504646,iPhone SE 64 Go - MX9U2ZD/A - rouge APPLE,APPLE,Smartphones et Objets connectés,269.99,,True,marketplace,2026-08-08T18:41:22.940703+00:00,carrefour_smartphones.csv
0190199505636,iPhone SE 2020 - 128 Go - Blanc (MXD12ZD/A) APPLE,APPLE,Smartphones et Objets connectés,299.99,,True,marketplace,2026-08-08T18:41:22.940703+00:00,carrefour_smartphones.csv
0190199505995,iPhone SE 128 Go (PRODUCT)RED (MXD22ZD/A) APPLE,APPLE,Smartphones et Objets connectés,299.99,,True,marketplace,2026-08-08T18:41:22.940703+00:00,carrefour_smartphones.csv
0190199534865,Câble de charge et synchronisation iPhone / iPad (MXLY2ZM/A) APPLE,APPLE,Smartphones et Objets connectés,12.52,,True,marketplace,2026-08-08T18:41:22.940703+00:00,carrefour_smartphones.csv
0190199535046,"Apple Airtag Article Recherche Argent, Blanc",APPLE,Smartphones et Objets connectés,92.7,,True,marketplace,2026-08-08T18:41:22.940703+00:00,carrefour_smartphones.csv
0190199544567,"Apple Mxm92zm/a Coque De Protection Pour Téléphones Portables 16,5 Cm (6.5"")",APPLE,Smartphones et Objets connectés,16.41,,True,marketplace,2026-08-08T18:41:22.940703+00:00,carrefour_smartphones.csv
0190199572959,Bracelet Apple Nike Sport Noir Et Lime Pour Apple Watch,APPLE,Smartphones et Objets connectés,50.71,,True,marketplace,2026-08-08T18:41:22.940703+00:00,carrefour_smartphones.csv
0190199596412,Smartphone iPhone SE - 256 Go - MXVT2ZD/A - Noir APPLE,APPLE,Smartphones et Objets connectés,329.99,,True,marketplace,2026-08-08T18:41:22.940703+00:00,carrefour_smartphones.csv
0190199596672,Apple Iphone Se (2020) 256go Blanc Mxvu2ql/a,APPLE,Smartphones et Objets connectés,329.99,,True,marketplace,2026-08-08T18:41:22.940703+00:00,carrefour_smartphones.csv
0190199610460,Apple Coque Pour Iphone Se Silicone - Rose Des Sables,APPLE,Smartphones et Objets connectés,35.57,,True,marketplace,2026-08-08T18:41:22.940703+00:00,carrefour_smartphones.csv
0190199651241,"Apple My1g2zm Coque De Protection Pour Téléphones Portables 16,5 Cm (6.5"") Housse Vert",APPLE,Smartphones et Objets connectés,31.99,12.19,True,marketplace,2026-08-08T18:41:22.940703+00:00,carrefour_smartphones.csv
0190199651272,"Apple My1h2zm/a Coque De Protection Pour Téléphones Portables 16,5 Cm (6.5"") Housse Orange",APPLE,Smartphones et Objets connectés,15.64,,True,marketplace,2026-08-08T18:41:22.940703+00:00,carrefour_smartphones.csv
0190199651333,"Apple My1k2zm/a Coque De Protection Pour Téléphones Portables 14,7 Cm (5.8"") Folio Baie",APPLE,Smartphones et Objets connectés,18.89,,True,marketplace,2026-08-08T18:41:22.940703+00:00,carrefour_smartphones.csv
0190199651425,"Apple My1n2zm/a Coque De Protection Pour Téléphones Portables 16,5 Cm (6.5"") Folio Baie",APPLE,Smartphones et Objets connectés,92.99,13.25,True,marketplace,2026-08-08T18:41:22.940703+00:00,carrefour_smartphones.csv
0190199651487,"Apple My1q2zm/a Coque De Protection Pour Téléphones Portables 16,5 Cm (6.5"") Folio Vert",APPLE,Smartphones et Objets connectés,150.98,,True,marketplace,2026-08-08T18:41:22.940703+00:00,carrefour_smartphones.csv
0190199711556,"Apple My122zm/a Coque De Protection Pour Téléphones Portables 16,5 Cm (6.5"") Housse Bleu",APPLE,Smartphones et Objets connectés,46.99,12.0,True,marketplace,2026-08-08T18:41:22.940703+00:00,carrefour_smartphones.csv
0190199715301,Bracelet À Montre Apple My602zm/a Rose,APPLE,Smartphones et Objets connectés,185.56,,True,marketplace,2026-08-08T18:41:22.940703+00:00,carrefour_smartphones.csv
0190199715387,Bracelet À Montre Apple Watch Apple My622zm/a Rose,APPLE,Smartphones et Objets connectés,187.93,,True,marketplace,2026-08-08T18:41:22.940703+00:00,carrefour_smartphones.csv
0190199715547,Bracelet À Montre Apple My662zm/a Rouge,APPLE,Smartphones et Objets connectés,187.93,,True,marketplace,2026-08-08T18:41:22.940703+00:00,carrefour_smartphones.csv
0190199717985,Apple 40mm Cuero Marron - Correa,APPLE,Smartphones et Objets connectés,132.78,110.65,True,marketplace,2026-08-08T18:41:22.940703+00:00,carrefour_smartphones.csv
0190199758841,"Apple Watch Se Gps, 44mm Boitier En Aluminium Argent Avec Bracelet Spo",APPLE,Smartphones et Objets connectés,441.2,,True,marketplace,2026-08-08T18:41:22.940703+00:00,carrefour_smartphones.csv
0190199769717,"Apple Watch Se Gps + Cellular, 40mm Boitier En Aluminium Gris Sideral",APPLE,Smartphones et Objets connectés,501.32,,True,marketplace,2026-08-08T18:41:22.940703+00:00,carrefour_smartphones.csv
0190199771994,"Apple Watch Se Gps + Cellular, 44mm Boitier En Aluminium Gris Sideral",APPLE,Smartphones et Objets connectés,505.28,,True,marketplace,2026-08-08T18:41:22.940703+00:00,carrefour_smartphones.csv
0190199796898,Chargeur Portable Apple My1w2zm/a 30 W,APPLE,Smartphones et Objets connectés,44.12,,True,marketplace,2026-08-08T18:41:22.940703+00:00,carrefour_smartphones.csv
0190199834040,"Apple Watch Series 6 Gps + Cellular, 40mm Boitier En Aluminium Or Avec",APPLE,Smartphones et Objets connectés,591.29,,True,marketplace,2026-08-08T18:41:22.940703+00:00,carrefour_smartphones.csv
0190199835030,"Apple Watch Series 6 Gps + Cellular, 40mm Boitier En Aluminium Product",APPLE,Smartphones et Objets connectés,526.66,,True,marketplace,2026-08-08T18:41:22.940703+00:00,carrefour_smartphones.csv
0190199835368,Watch Series 6 Gps + Cellular Stainless Steel Silver Bracelet Sport White 40 Mm,APPLE,Smartphones et Objets connectés,991.48,,True,marketplace,2026-08-08T18:41:22.940703+00:00,carrefour_smartphones.csv
0190199836778,Montre Connectée Apple Watch Series 6 Capteur Oxygène Ekg,APPLE,Smartphones et Objets connectés,1132.01,,True,marketplace,2026-08-08T18:41:22.940703+00:00,carrefour_smartphones.csv
0190199870864,"Apple Watch Series 6 Gps, 40mm Boitier En Aluminium Argent Avec Bracel",APPLE,Smartphones et Objets connectés,568.15,,True,marketplace,2026-08-08T18:41:22.940703+00:00,carrefour_smartphones.csv
0191058080158,Coque Reveal Monobloc Pour Iphone Xs Max Avec Design Super Fine Transparent Griffin,GRIFFIN,Smartphones et Objets connectés,18.89,,True,marketplace,2026-08-08T18:41:22.940703+00:00,carrefour_smartphones.csv
0191058080165,Coque Pour Iphone Xs Max Collection Survivor Compatible Avec Charge Sans Fil Transparent Griffin,GRIFFIN,Smartphones et Objets connectés,18.89,,True,marketplace,2026-08-08T18:41:22.940703+00:00,carrefour_smartphones.csv
0191058080202,"Griffin Survivor Strong Coque De Protection Pour Téléphones Portables 16,5 Cm (6.5"") Housse Transparent",GRIFFIN,Smartphones et Objets connectés,18.89,,True,marketplace,2026-08-08T18:41:22.940703+00:00,carrefour_smartphones.csv
0191058080288,"Griffin Survivor Endurance Coque De Protection Pour Téléphones Portables 16,5 Cm (6.5"") Housse Gris, Transparent",GRIFFIN,Smartphones et Objets connectés,18.89,,True,marketplace,2026-08-08T18:41:22.940703+00:00,carrefour_smartphones.csv
0191058121110,Coque Pour Apple Iphone 12/12 Pro Imprimé Motif Grainé Noir Coach,COACH,Smartphones et Objets connectés,51.9,,True,marketplace,2026-08-08T18:41:22.940703+00:00,carrefour_smartphones.csv
0191058121578,Coque Pour Apple Iphone 12 Pro Max Gamme Moody Imprimé Bold Floral Noir Coach,COACH,Smartphones et Objets connectés,39.9,,True,marketplace,2026-08-08T18:41:22.940703+00:00,carrefour_smartphones.csv
0191058137807,Coque Pour Iphone 12 Pro Max / 13 Pro Max Série Multi Floral Compatible Magsafe Multicolore Kate Spade,KATE SPADE,Smartphones et Objets connectés,36.9,,True,marketplace,2026-08-08T18:41:22.940703+00:00,carrefour_smartphones.csv
0191058141941,"Incipio Kate Spade Coque De Protection Pour Téléphones Portables 17 Cm (6.7"") Housse Rose, Transparent, Blanc",INCIPIO,Smartphones et Objets connectés,21.99,19.05,True,marketplace,2026-08-08T18:41:22.940703+00:00,carrefour_smartphones.csv
0191058142245,Coque Pour Apple Iphone 13 Gamme Moody Imprimé Motif Floral Multicolore Coach,COACH,Smartphones et Objets connectés,42.9,,True,marketplace,2026-08-08T18:41:22.940703+00:00,carrefour_smartphones.csv
0191058142252,Coque Pour Apple Iphone 12 Pro Max / 13 Pro Max Gamme Moody Imprimé Motif Floral Multicolore Coach,COACH,Smartphones et Objets connectés,42.9,,True,marketplace,2026-08-08T18:41:22.940703+00:00,carrefour_smartphones.csv
0191058145574,"Incipio Kate Spade Coque De Protection Pour Téléphones Portables 15,5 Cm (6.1"") Housse Marron, Argent, Blanc",INCIPIO,Smartphones et Objets connectés,36.9,,True,marketplace,2026-08-08T18:41:22.940703+00:00,carrefour_smartphones.csv
0191058145727,"Incipio Ksiph-210-glpnk Coque De Protection Pour Téléphones Portables 15,5 Cm (6.1"") Housse Rose, Translucide",INCIPIO,Smartphones et Objets connectés,39.9,,True,marketplace,2026-08-08T18:41:22.940703+00:00,carrefour_smartphones.csv
0191058146014,Coque Pour Apple Iphone 13 Pro Gamme Moody Imprimé Motif Floral Multicolore Coach,COACH,Smartphones et Objets connectés,42.9,,True,marketplace,2026-08-08T18:41:22.940703+00:00,carrefour_smartphones.csv
0191058148827,"Incipio Kate Spade Coque De Protection Pour Téléphones Portables 17 Cm (6.7"") Housse Marron, Gris, Blanc",INCIPIO,Smartphones et Objets connectés,36.9,,True,marketplace,2026-08-08T18:41:22.940703+00:00,carrefour_smartphones.csv
0193108139649,Chargeur - Arlo - Vma5600c-100pes - Magnétique - Pour Camera Externe - Blanc,ARLO,Smartphones et Objets connectés,45.89,,True,marketplace,2026-08-08T18:41:22.940703+00:00,carrefour_smartphones.csv
0193575008448,Nest Caméra Extérieur Interieur Battery 5m Cable,NEST,Smartphones et Objets connectés,65.69,63.78,True,marketplace,2026-08-08T18:41:22.940703+00:00,carrefour_smartphones.csv
0193575030333,Coque Google Pixel 6 Pro Silicone Gel Soft Sage,GOOGLE,Smartphones et Objets connectés,59.99,47.06,True,marketplace,2026-08-08T18:41:22.940703+00:00,carrefour_smartphones.csv
0193575030685,Google Chargeur Maison Ultra-rapide - 30 W - Blanc,GOOGLE,Smartphones et Objets connectés,55.35,53.74,True,marketplace,2026-08-08T18:41:22.940703+00:00,carrefour_smartphones.csv
0194252017531,Apple Iphone 12 Mini 256 Go Bleu,APPLE,Smartphones et Objets connectés,999.0,,True,marketplace,2026-08-08T18:41:22.940703+00:00,carrefour_smartphones.csv
0194252022467,Apple Iphone 12 Pro Max 256go Graphite,APPLE,Smartphones et Objets connectés,816.81,,True,marketplace,2026-08-08T18:41:22.940703+00:00,carrefour_smartphones.csv
0194252023143,Apple Iphone 12 Pro Max 256go Or,APPLE,Smartphones et Objets connectés,999.0,,True,marketplace,2026-08-08T18:41:22.940703+00:00,carrefour_smartphones.csv
0194252025109,Adaptateur secteur 12 W (MGN03ZM/A) APPLE,APPLE,Smartphones et Objets connectés,19.07,,True,marketplace,2026-08-08T18:41:22.940703+00:00,carrefour_smartphones.csv
0194252030196,Apple Iphone 12 64go Rouge (red),APPLE,Smartphones et Objets connectés,1011.41,,True,marketplace,2026-08-08T18:41:22.940703+00:00,carrefour_smartphones.csv
0194252030295,iPhone 12 64 Go PRODUCT RED (MGJ73F/A) APPLE,APPLE,Smartphones et Objets connectés,1154.66,,True,marketplace,2026-08-08T18:41:22.940703+00:00,carrefour_smartphones.csv
0194252030974,iPhone 12 64 Go Vert (MGJ93F/A) APPLE,APPLE,Smartphones et Objets connectés,664.84,628.78,True,marketplace,2026-08-08T18:41:22.940703+00:00,carrefour_smartphones.csv
0194252032237,Apple Iphone 12 128go Bleu,APPLE,Smartphones et Objets connectés,999.0,,True,marketplace,2026-08-08T18:41:22.940703+00:00,carrefour_smartphones.csv
0194252099124,"Apple Iphone 11 15,5 Cm (6.1"") Double Sim Ios 14 4g 128 Go Noir",APPLE,Smartphones et Objets connectés,690.6,,True,marketplace,2026-08-08T18:41:22.940703+00:00,carrefour_smartphones.csv
0194252101780,"Apple Iphone 11 6.1"" 256 Go Double Sim Jaune V2",APPLE,Smartphones et Objets connectés,1083.15,,True,marketplace,2026-08-08T18:41:22.940703+00:00,carrefour_smartphones.csv
0194252135600,iPhone 12 64 Go (PRODUCT)RED (MGJ73F/A) APPLE,APPLE,Smartphones et Objets connectés,1154.66,,True,marketplace,2026-08-08T18:41:22.940703+00:00,carrefour_smartphones.csv
0194252145890,Smartphone iPhone SE 64GB White APPLE,APPLE,Smartphones et Objets connectés,269.99,,True,marketplace,2026-08-08T18:41:22.940703+00:00,carrefour_smartphones.csv
0194252146231,iPhone SE 64 Go (PRODUCT)RED (MHGR3F/A) APPLE,APPLE,Smartphones et Objets connectés,269.99,,True,marketplace,2026-08-08T18:41:22.940703+00:00,carrefour_smartphones.csv
0194252146491,"Apple Iphone Se 4,7"" 64 Go Double Sim (product) Red V2",APPLE,Smartphones et Objets connectés,166.39,,True,marketplace,2026-08-08T18:41:22.940703+00:00,carrefour_smartphones.csv
0194252146576,iPhone SE 128 Go - MHGT3F/A - Noir APPLE,APPLE,Smartphones et Objets connectés,299.99,,True,marketplace,2026-08-08T18:41:22.940703+00:00,carrefour_smartphones.csv
0194252146835,"Smartphone Apple Iphone Se Noir 4.7 "" Stockage 128 Go",APPLE,Smartphones et Objets connectés,299.99,,True,marketplace,2026-08-08T18:41:22.940703+00:00,carrefour_smartphones.csv
0194252147177,"Apple Iphone Se 4,7"" 128 Go Double Sim Blanc V2",APPLE,Smartphones et Objets connectés,299.99,,True,marketplace,2026-08-08T18:41:22.940703+00:00,carrefour_smartphones.csv
0194252148273,"Apple Iphone Se 4,7"" 256 Go Double Sim (product) Red V2",APPLE,Smartphones et Objets connectés,329.99,,True,marketplace,2026-08-08T18:41:22.940703+00:00,carrefour_smartphones.csv
0194252156926,Apple Alimentatore Usb-c Da 20w,APPLE,Smartphones et Objets connectés,30.0,,True,marketplace,2026-08-08T18:41:22.940703+00:00,carrefour_smartphones.csv
0194252157022,Adaptateur secteur USB-C 20 W (MHJE3ZM/A) APPLE,APPLE,Smartphones et Objets connectés,23.81,,True,marketplace,2026-08-08T18:41:22.940703+00:00,carrefour_smartphones.csv
0194252167977,Apple Iphone 12 Mini Coque En Cuir Avec Magsafe - Pavot De Californie,APPLE,Smartphones et Objets connectés,55.0,14.75,True,marketplace,2026-08-08T18:41:22.940703+00:00,carrefour_smartphones.csv
0194252168011,Apple Iphone 12 Mini Coque En Cuir Avec Magsafe - (product)red,APPLE,Smartphones et Objets connectés,37.02,,True,marketplace,2026-08-08T18:41:22.940703+00:00,carrefour_smartphones.csv
0194252168417,Coque En Cuir Apple Magsafe Pour Iphone 12 Pro Max (product)red,APPLE,Smartphones et Objets connectés,56.43,54.26,True,marketplace,2026-08-08T18:41:22.940703+00:00,carrefour_smartphones.csv
0194252168578,Apple Iphone 12 Mini Coque En Silicone Avec Magsafe - Kumquat,APPLE,Smartphones et Objets connectés,55.99,20.51,True,marketplace,2026-08-08T18:41:22.940703+00:00,carrefour_smartphones.csv
0194252168615,Coque En Silicone Apple Magsafe Pour Iphone 12 Mini Rose Agrume,APPLE,Smartphones et Objets connectés,25.7,24.71,True,marketplace,2026-08-08T18:41:22.940703+00:00,carrefour_smartphones.csv
0194252168653,Coque En Silicone Apple Magsafe Pour Iphone 12 Mini Prune,APPLE,Smartphones et Objets connectés,34.66,33.33,True,marketplace,2026-08-08T18:41:22.940703+00:00,carrefour_smartphones.csv
0194252168691,Apple Iphone 12 Mini Coque En Silicone Avec Magsafe - Vert Cypres,APPLE,Smartphones et Objets connectés,52.66,,True,marketplace,2026-08-08T18:41:22.940703+00:00,carrefour_smartphones.csv
0194252168813,Apple Iphone 12 Mini Coque En Silicone Avec Magsafe - (product)red,APPLE,Smartphones et Objets connectés,94.47,,True,marketplace,2026-08-08T18:41:22.940703+00:00,carrefour_smartphones.csv
0194252169377,Apple Iphone 12 Pro Max Coque En Silicone Avec Magsafe - Bleu Marine,APPLE,Smartphones et Objets connectés,75.2,,True,marketplace,2026-08-08T18:41:22.940703+00:00,carrefour_smartphones.csv
0194252169452,Coque Proctection Gsm Apple Mhlf3zm/a,APPLE,Smartphones et Objets connectés,40.07,,True,marketplace,2026-08-08T18:41:22.940703+00:00,carrefour_smartphones.csv
0194252169537,Apple Iphone 12 Mini Coque Transparente Avec Magsafe,APPLE,Smartphones et Objets connectés,23.99,,True,marketplace,2026-08-08T18:41:22.940703+00:00,carrefour_smartphones.csv
0194252184332,Housse En Cuir Apple Avec Magsafe Pour Iphone 12 Mini Rose Agrume,APPLE,Smartphones et Objets connectés,61.39,,True,marketplace,2026-08-08T18:41:22.940703+00:00,carrefour_smartphones.csv
0194252184370,Housse En Cuir Apple Avec Magsafe Pour Iphone 12 Mini Marron Havane,APPLE,Smartphones et Objets connectés,16.41,,True,marketplace,2026-08-08T18:41:22.940703+00:00,carrefour_smartphones.csv
0194252184417,Housse En Cuir Apple Avec Magsafe Pour Iphone 12 Mini Bleu Baltique,APPLE,Smartphones et Objets connectés,104.99,58.27,True,marketplace,2026-08-08T18:41:22.940703+00:00,carrefour_smartphones.csv
0194252184455,Housse En Cuir Apple Avec Magsafe Pour Iphone 12 Mini (product)red,APPLE,Smartphones et Objets connectés,18.89,,True,marketplace,2026-08-08T18:41:22.940703+00:00,carrefour_smartphones.csv
0194252192375,Chargeur Sans Fil Magsafe 15w Charge Rapide Original Apple Blanc,APPLE,Smartphones et Objets connectés,58.78,,True,marketplace,2026-08-08T18:41:22.940703+00:00,carrefour_smartphones.csv
0194252192450,"Apple Magsafe Casques, Smartphone Argent, Blanc Recharge Sans Fil Intérieure",APPLE,Smartphones et Objets connectés,40.0,,True,marketplace,2026-08-08T18:41:22.940703+00:00,carrefour_smartphones.csv
0194252192467,Chargeur MagSafe (MHXH3ZM/A) APPLE,APPLE,Smartphones et Objets connectés,33.32,,True,marketplace,2026-08-08T18:41:22.940703+00:00,carrefour_smartphones.csv
0194252238158,Housse En Cuir Apple Avec Magsafe Pour Iphone 12 12 Pro Rose Agrume,APPLE,Smartphones et Objets connectés,149.99,27.09,True,marketplace,2026-08-08T18:41:22.940703+00:00,carrefour_smartphones.csv
0194252238196,Housse En Cuir Apple Avec Magsafe Pour Iphone 12 12 Pro Marron Havane,APPLE,Smartphones et Objets connectés,16.35,,True,marketplace,2026-08-08T18:41:22.940703+00:00,carrefour_smartphones.csv
0194252238233,Housse En Cuir Apple Avec Magsafe Pour Iphone 12 12 Pro Bleu Baltique,APPLE,Smartphones et Objets connectés,149.0,60.09,True,marketplace,2026-08-08T18:41:22.940703+00:00,carrefour_smartphones.csv
0194252238271,Housse En Cuir Apple Avec Magsafe Pour Iphone 12 12 Pro (product)red,APPLE,Smartphones et Objets connectés,219.78,,True,marketplace,2026-08-08T18:41:22.940703+00:00,carrefour_smartphones.csv
0194252238318,Housse En Cuir Apple Avec Magsafe Pour Iphone 12 Pro Max Rose Agrume,APPLE,Smartphones et Objets connectés,16.41,,True,marketplace,2026-08-08T18:41:22.940703+00:00,carrefour_smartphones.csv
0194252238394,Housse En Cuir Apple Avec Magsafe Pour Iphone 12 Pro Max Bleu Baltique,APPLE,Smartphones et Objets connectés,149.99,61.62,True,marketplace,2026-08-08T18:41:22.940703+00:00,carrefour_smartphones.csv
0194252336939,Bracelet Apple Nike Sport Perforé Brun Et Noir,APPLE,Smartphones et Objets connectés,81.66,,True,marketplace,2026-08-08T18:41:22.940703+00:00,carrefour_smartphones.csv
0194252408032,Apple Boucle Sport (product)red 44 Mm,APPLE,Smartphones et Objets connectés,75.1,,True,marketplace,2026-08-08T18:41:22.940703+00:00,carrefour_smartphones.csv
0194252429976,"Apple Iphone 12 15,5 Cm (6.1"") Double Sim Ios 14 5g 64 Go Violet",APPLE,Smartphones et Objets connectés,952.81,,True,marketplace,2026-08-08T18:41:22.940703+00:00,carrefour_smartphones.csv
0194252430071,iPhone 12 64 Go Violet (MJNM3ZD/A) APPLE,APPLE,Smartphones et Objets connectés,1158.69,,True,marketplace,2026-08-08T18:41:22.940703+00:00,carrefour_smartphones.csv
0194252430262,Apple Iphone 12 128 Go Violet,APPLE,Smartphones et Objets connectés,999.0,,True,marketplace,2026-08-08T18:41:22.940703+00:00,carrefour_smartphones.csv
0194252465301,Coque En Silicone Avec Magsafe Pour Iphone 12 Mini Melon,APPLE,Smartphones et Objets connectés,51.04,,True,marketplace,2026-08-08T18:41:22.940703+00:00,carrefour_smartphones.csv
0194252465387,Coque En Silicone Avec Magsafe Pour Iphone 12 12 Pro Bleu Capri,APPLE,Smartphones et Objets connectés,74.17,,True,marketplace,2026-08-08T18:41:22.940703+00:00,carrefour_smartphones.csv
0194252465875,Coque En Silicone Avec Magsafe Pour Iphone 12 Pro Max Bleu Capri,APPLE,Smartphones et Objets connectés,75.2,,True,marketplace,2026-08-08T18:41:22.940703+00:00,carrefour_smartphones.csv
0194252467480,Apple Laniere En Cuir Airtag (product)red,APPLE,Smartphones et Objets connectés,78.7,,True,marketplace,2026-08-08T18:41:22.940703+00:00,carrefour_smartphones.csv
0194252467510,Lanière Airtag Jaune Tournesol,APPLE,Smartphones et Objets connectés,25.99,19.24,True,marketplace,2026-08-08T18:41:22.940703+00:00,carrefour_smartphones.csv
0194252467633,Housse En Cuir Avec Magsafe Pour Iphone 12 12pro Violet Profond,APPLE,Smartphones et Objets connectés,45.02,,True,marketplace,2026-08-08T18:41:22.940703+00:00,carrefour_smartphones.csv
0194252570654,"Apple Watch Nike Series 7 Gps + Cellular, Boîtier Aluminium Minuit 41m",APPLE,Smartphones et Objets connectés,902.78,,True,marketplace,2026-08-08T18:41:22.940703+00:00,carrefour_smartphones.csv
0194252570739,Apple Watch Nike Series 7 Oled 41 Mm Numérique Écran Tactile 4g Noir Wifi Gps (satellite),APPLE,Smartphones et Objets connectés,1198.6,637.8,True,marketplace,2026-08-08T18:41:22.940703+00:00,carrefour_smartphones.csv
0194252573716,Apple Watch Series 7 Argent,APPLE,Smartphones et Objets connectés,1724.39,,True,marketplace,2026-08-08T18:41:22.940703+00:00,carrefour_smartphones.csv
0194252573907,Apple Watch Series 7 Gps + Cellular - 45mm - Boîtier Gold Stainless St,APPLE,Smartphones et Objets connectés,949.33,,True,marketplace,2026-08-08T18:41:22.940703+00:00,carrefour_smartphones.csv
0194252574836,Apple Watch Series 7 Gps + Cellular - 45mm - Boîtier Graphite Stainles,APPLE,Smartphones et Objets connectés,643.38,,True,marketplace,2026-08-08T18:41:22.940703+00:00,carrefour_smartphones.csv
0194252595565,Apple Watch Series 7 Oled 45 Mm Numérique 396 X 484 Pixels Écran Tactile Rouge Wifi Gps (satellite),APPLE,Smartphones et Objets connectés,603.02,,True,marketplace,2026-08-08T18:41:22.940703+00:00,carrefour_smartphones.csv
0194252595695,Apple Watch Series 7 Oled 45 Mm Numérique Écran Tactile Rouge Wifi Gps (satellite),APPLE,Smartphones et Objets connectés,422.62,,True,marketplace,2026-08-08T18:41:22.940703+00:00,carrefour_smartphones.csv
0194252626856,Bracelet Apple Watch 45mm Clover Sport Band Regular Trèfle Vert,APPLE,Smartphones et Objets connectés,62.95,,True,marketplace,2026-08-08T18:41:22.940703+00:00,carrefour_smartphones.csv
0194252641125,Bracelet Apple Watch Solo Loop Tressé Rouge Vif Confortable,APPLE,Smartphones et Objets connectés,87.3,,True,marketplace,2026-08-08T18:41:22.940703+00:00,carrefour_smartphones.csv
0194252645512,Apple Cinturino A Maglie In Pelle Color Nespola 41 Mm - S.m,APPLE,Smartphones et Objets connectés,89.0,,True,marketplace,2026-08-08T18:41:22.940703+00:00,carrefour_smartphones.csv
0194252652107,Apple Watch 41mm Elastomero Rosa - Correa,APPLE,Smartphones et Objets connectés,82.06,,True,marketplace,2026-08-08T18:41:22.940703+00:00,carrefour_smartphones.csv
0194252690338,iPhone 13 Mini 128 Go (PRODUCT)RED (MLK33F/A) APPLE,APPLE,Smartphones et Objets connectés,1033.08,,True,marketplace,2026-08-08T18:41:22.940703+00:00,carrefour_smartphones.csv
0194252698792,iPhone 13 Pro Max 128 Go Bleu (MLL93F/A) APPLE,APPLE,Smartphones et Objets connectés,1760.14,,True,marketplace,2026-08-08T18:41:22.940703+00:00,carrefour_smartphones.csv
0194252700143,iPhone 13 Pro Max 512 Go Noir (MLLF3F/A) APPLE,APPLE,Smartphones et Objets connectés,1110.4,,True,marketplace,2026-08-08T18:41:22.940703+00:00,carrefour_smartphones.csv
0194252707043,Iphone Apple Iphone 13 128go Noir 5g,APPLE,Smartphones et Objets connectés,689.39,,True,marketplace,2026-08-08T18:41:22.940703+00:00,carrefour_smartphones.csv
0194252707074,"Smartphone Apple Iphone 13 Noir 6.1 "" Stockage 128 Go",APPLE,Smartphones et Objets connectés,689.39,,True,marketplace,2026-08-08T18:41:22.940703+00:00,carrefour_smartphones.csv
